station,total_docks,lon,lat,nearest_junior_high_distance,nearest_university_distance,nearest_mrt_distance,nearest_bus_distance,district
?寮公園,12,121.41264,25.00694,202.84,2739.24,1594.59,24.0,樹林區
三井Outlet,63,121.36629,25.07158,719.52,3419.78,7146.13,142.16,林口區
三俊街65巷口,15,121.41359,25.01585,928.99,1826.7,657.26,36.12,樹林區
三信集英路口,13,121.48748,25.08563,516.76,8219.2,910.77,103.05,三重區
三光國小(金滿意),45,121.49687,25.05596,109.54,6401.16,688.45,266.38,三重區
三和國中(自強路三段110巷),22,121.48694,25.0748,436.18,7487.52,205.96,27.73,三重區
三和慈愛街口,11,121.48417,25.07814,610.26,7455.65,266.15,34.31,三重區
三和路四段73號旁,15,121.48977,25.07513,341.02,7751.2,376.23,127.11,三重區
三和龍門路口,18,121.4949,25.0718,470.79,7793.33,222.29,61.04,三重區
三多國小,26,121.40701,25.01638,1166.99,2231.74,654.53,214.54,樹林區
三多第1市民活動中心,27,121.40426,25.01637,1325.89,2450.29,846.37,142.11,樹林區
三峽中山公園,15,121.36584,24.93561,339.84,1247.03,5896.53,89.35,三峽區
三峽區公所(三峽老街),33,121.36929,24.9339,62.34,1086.77,5677.14,81.55,三峽區
三峽區礁溪行政中心,20,121.37592,24.92843,441.86,1402.01,5460.95,73.28,三峽區
三峽原住民族生活文化園區,31,121.36672,24.94565,412.62,1127.92,5411.79,352.1,三峽區
三峽國中,33,121.369,24.9389,477.44,808.83,5452.64,30.04,三峽區
三峽國光青年社會住宅,30,121.37686,24.93743,343.86,399.63,4819.58,47.45,三峽區
三峽國小(中山路),21,121.36779,24.93474,120.96,1135.77,5765.19,102.41,三峽區
三張公園,45,121.49094,25.07051,195.46,7487.06,580.55,80.33,三重區
三張地下停車場,22,121.48981,25.07054,172.32,7442.03,694.26,139.16,三重區
三德公園,36,121.50076924045402,25.075005324200696,646.17,8390.59,634.65,48.94,三重區
三抱竹,34,121.44139,24.99864,719.44,1193.55,1109.2,17.96,板橋區
三樹大學路口,24,121.37816,24.93951,225.05,225.05,4592.96,11.39,三峽區
三樹大德路口,15,121.37871,24.94163,216.21,216.21,4436.8,54.7,三峽區
三民中山一路口,29,121.476,25.08223,378.58,7089.23,445.65,59.15,蘆洲區
三民地下停車場,24,121.53718,24.97097,517.76,517.76,562.37,3.75,新店區
三民民族路口,40,121.47494,25.08367,187.1,7118.22,259.79,91.94,蘆洲區
三民永豐街口,13,121.47917,25.02104,296.49,2385.09,1010.8,124.06,板橋區
三民翠華街口,10,121.48024,25.02317,480.86,2606.0,1054.36,124.24,板橋區
三民長榮路口,15,121.4616,25.09328,535.68,6486.59,310.56,46.76,蘆洲區
三民高中(民權路),45,121.47393,25.08802,345.15,7386.72,267.76,108.84,蘆洲區
三生步道,20,121.51005,25.26815,1410.99,1858.2,12865.45,58.62,三芝區
三芝兒一公園,15,121.4994,25.25719,217.53,573.09,11277.02,115.71,三芝區
三芝兒三公園(三民街),17,121.50499,25.25874,372.94,696.45,11705.7,162.13,三芝區
三芝區公所,15,121.50082,25.25788,57.2,581.56,11413.31,114.47,三芝區
三芝國中,14,121.50182,25.25898,119.41,681.57,11569.17,9.12,三芝區
三貂嶺隧道(金字橋),30,121.82316,25.06095,3871.68,16619.24,20648.42,16.33,瑞芳區
三重五常公園,32,121.49615,25.08065,1134.16,8618.23,1055.39,20.46,三重區
三重區停八停車場,17,121.47621,25.05365,634.41,5185.29,739.16,174.0,三重區
三重商工,77,121.48071,25.06868,457.24,6603.26,1049.29,23.98,三重區
三重商工(後竹圍街),30,121.47976,25.07031,558.65,6610.53,966.42,140.67,三重區
三重商工地下停車場,64,121.48352,25.06966,660.15,6903.78,822.88,88.16,三重區
三重國民運動中心,38,121.48849,25.05439,293.57,5787.51,402.95,27.18,三重區
三重忠孝公園,28,121.47932,25.06325,98.35,6205.39,965.57,69.33,三重區
三重棒球場,25,121.4815,25.0613,322.96,6168.63,673.14,157.49,三重區
三重永豐公園,31,121.47816,25.07463,111.28,6735.89,654.16,124.23,三重區
三重派出所,15,121.5023,25.06395,542.33,7441.23,230.93,55.84,三重區
三重環河陸橋,16,121.49943,25.08149,1337.69,8948.85,1236.71,230.35,三重區
三重社會福利服務中心,11,121.49128,25.07781,649.67,8035.0,491.68,98.52,三重區
三重綜合體育館,52,121.49193,25.06145,225.28,6640.11,101.07,80.88,三重區
三重行政中心,59,121.48823,25.06057,102.67,6375.49,264.0,82.91,三重區
三重親水公園,18,121.49039,25.09114,976.06,8833.5,1555.54,164.08,三重區
三重重陽公園,15,121.48367,25.05753,381.17,5869.35,203.98,216.08,三重區
三重高中,48,121.49171,25.05478,437.58,5996.25,504.84,202.61,三重區
三鶯分區區務辦公室,15,121.41691,24.99007,124.77,2801.62,3212.73,74.31,樹林區
三鶯國民運動中心,17,121.36858,24.93697,294.42,932.08,5581.91,113.34,三峽區
三鶯國民運動中心停車場,32,121.36941,24.93614,206.67,911.5,5548.38,18.33,三峽區
三鶯水資源回收中心,14,121.35996,24.95535,806.41,2319.15,5900.74,122.08,鶯歌區
上林里(環河東路一段),42,121.52095,25.015,330.02,4090.52,561.32,135.86,永和區
下庄市場,20,121.3999,25.14678,75.55,4786.07,5146.98,3.05,八里區
下街福德宮,19,121.65555,25.06807,329.91,9205.76,4013.0,57.91,汐止區
世貿國家公園社區,20,121.65865,25.07289,623.49,9816.89,4492.43,4.23,汐止區
中信停車場(中興街),17,121.51864,25.01228,92.88,3730.98,332.19,15.66,永和區
中信國小,58,121.44954,25.05572,508.71,3169.28,1218.58,169.12,新莊區
中印青潭廠,25,121.55947,24.95446,409.42,3302.3,2238.57,34.97,新店區
中原中板路口,18,121.48521,25.01169,226.79,2640.73,379.73,58.19,中和區
中原五街口,20,121.48603,25.01086,337.02,2717.03,331.25,63.49,中和區
中原抽水站,15,121.48968,25.00985,646.02,3081.69,564.43,132.87,中和區
中原東街(左岸牡丹園),51,121.48601,25.01297,139.82,2736.47,540.22,5.16,中和區
中和公園,57,121.51435,25.00073,479.83,2376.68,387.34,61.8,中和區
中和公園(安平中安街口),40,121.51258,24.99856,418.35,2097.95,454.47,117.04,中和區
中和公園(秀安街口),15,121.51498,25.00218,306.63,2549.25,405.49,30.29,中和區
中和區公所,32,121.50053,24.99856,525.25,2169.55,574.97,90.01,中和區
中和國民運動中心,64,121.48758,24.99348,657.25,2517.19,1288.08,25.03,中和區
中和地政事務所,28,121.5024,24.99039,87.28,1257.53,430.59,58.73,中和區
中和安和路口,44,121.50602,24.99966,235.34,2171.72,582.39,49.35,中和區
中和慈惠堂,15,121.47964,24.98153,582.96,2434.97,2801.14,527.96,中和區
中和環球購物中心,38,121.47422,25.00637,564.99,1567.32,925.44,73.57,中和區
中和福美公園,40,121.50265,25.00606,381.18,2922.44,753.91,105.77,中和區
中和自強公園,39,121.47238,24.99886,249.66,1798.94,1592.74,82.47,中和區
中和青年社會住宅,57,121.51918,24.99099,391.27,1659.92,313.1,46.07,中和區
中園國小,20,121.3667403505291,24.927562225588048,17.04,1800.7,6266.01,128.36,三峽區
中園國小(民權街),19,121.36767,24.92853,131.05,1659.23,6128.33,15.1,三峽區
中園街福隆宮,15,121.36717,24.92239,397.93,2282.48,6569.63,93.43,三峽區
中坑公園,13,121.48294,24.98515,95.53,2565.81,2307.05,63.96,中和區
中央中華路口(金城),16,121.43808,24.96875,527.36,1993.73,181.94,89.1,土城區
中央公園(莊園街),33,121.44565,24.98205,469.46,1489.56,476.23,40.21,土城區
中央公園地下停車場,15,121.44478,24.98276,446.91,1607.41,484.17,49.75,土城區
中央慶利街口(風華綠中央社區),22,121.44052,24.97338,125.09,1673.49,327.47,135.81,土城區
中央新村(中央三街),23,121.52488,24.9764,635.51,1168.39,623.23,123.33,新店區
中央昌仁路口,14,121.45355,25.05895,472.95,3705.36,691.03,110.31,新莊區
中央路一段292巷口,53,121.44383,24.98279,478.91,1684.62,561.75,11.58,土城區
中央路三段281巷,24,121.42679,24.96314,794.94,3263.18,758.78,95.47,土城區
中央路二段180巷,15,121.44162,24.97616,324.05,1588.06,413.34,34.52,土城區
中央路四段33號北側,15,121.42329,24.96222,883.2,2974.04,399.79,96.12,土城區
中央陸橋(中央一街),16,121.52736,24.97371,357.39,938.1,267.35,255.78,新店區
中山1號科技總部,42,121.41212396244534,24.96044660965163,592.13,2124.75,638.53,459.8,土城區
中山一和平路口,18,121.47162,25.07919,213.65,6535.05,731.34,42.71,蘆洲區
中山三民路口(土城工業區),40,121.42122,24.96287,1081.86,2754.1,316.93,45.55,土城區
中山二永安南路口,14,121.46868,25.07744,154.94,6184.97,1003.5,52.2,蘆洲區
中山佳林路口,26,121.38527,25.07923,150.52,1361.39,6717.85,93.63,林口區
中山八德街口,20,121.41761,24.98511,277.4,2524.2,2737.15,27.83,樹林區
中山北新春街口,49,121.44474,25.18035,272.89,864.51,1345.87,6.09,淡水區
中山國中,34,121.46751,25.01856,15.25,1302.09,410.27,215.81,板橋區
中山國小地下停車場,18,121.44859,25.0008,240.26,757.16,452.62,154.71,板橋區
中山大安路口,30,121.41182,24.98286,669.62,1898.95,2644.34,18.42,樹林區
中山文化二路口,17,121.37942,25.08288,568.95,1952.02,7387.35,48.54,林口區
中山新興街口,30,121.40049,24.97512,58.93,473.29,2514.03,82.62,樹林區
中山橋安街口,12,121.49253,25.00274,560.74,2941.64,322.68,26.96,中和區
中山溫泉公園,30,121.64177,25.22108,435.62,2385.92,15761.26,87.75,金山區
中山環金路口,30,121.6414,25.21794,102.81,2565.58,15414.07,147.06,金山區
中山科學研究院,14,121.35512,24.90328,1252.4,4725.96,8886.74,46.19,三峽區
中山立仁街口,21,121.42178,24.9886,265.82,3087.93,2727.58,104.44,樹林區
中山賢一街口,17,121.42144,25.15916,303.13,2273.83,2603.85,38.68,八里區
中山路31巷(波爾多2社區),40,121.52478,24.9803,778.97,1286.89,548.97,161.12,新店區
中山路一段17巷口,11,121.51375,25.01039,469.86,3410.47,325.12,70.11,永和區
中山路二段295巷口,20,121.47835,25.01851,137.9,2174.66,762.99,58.8,板橋區
中山路二段416巷38弄口,14,121.48153,25.01936,244.8,2503.94,1083.77,88.23,板橋區
中山路二段443巷口,23,121.48102,25.02051,380.16,2516.32,1111.53,123.32,板橋區
中山路二段565巷,15,121.48402,25.02263,573.6,2895.25,1387.65,165.06,板橋區
中山路二段90巷,13,121.47523,25.01634,259.43,1786.67,367.03,73.99,板橋區
中平中榮街口,17,121.44464,25.05307,211.11,2595.31,1595.92,72.32,新莊區
中平國中,50,121.44394,25.05426,100.33,2615.98,1695.98,20.13,新莊區
中正一仁愛路口,15,121.3532,24.95672,363.19,2940.83,6572.87,41.39,鶯歌區
中正仁愛街口,48,121.44462,25.03452,356.01,2164.62,811.09,26.14,新莊區
中正保安街三段口,11,121.41274,25.01239,806.45,2196.86,997.36,70.5,樹林區
中正北路193巷(愛買三重店),37,121.47599,25.07136,530.2,6350.75,1068.81,221.91,三重區
中正北路25巷(交響院社區),40,121.49185,25.06318,156.77,6803.66,292.96,117.36,三重區
中正北重陽路口,12,121.48736,25.06417,292.78,6695.62,597.75,42.54,三重區
中正千歲街口,17,121.42756,24.99948,159.01,2242.64,2505.83,269.0,樹林區
中正國小,36,121.53646,24.9714,464.49,464.49,647.73,54.41,新店區
中正思源路口(東北側),45,121.46103,25.03938,399.26,3306.92,36.1,129.82,新莊區
中正思源路口(西南側),46,121.4595,25.03821,199.41,3165.59,172.88,10.02,新莊區
中正新月二街口(富江翠社區),40,121.45437,25.02586,172.66,1821.8,1144.68,27.1,板橋區
中正新月二街口(青翠社區),40,121.45472,25.0269,55.7,1929.36,1037.82,90.58,板橋區
中正新雅巷口,48,121.41769,25.02594,158.27,732.52,575.93,13.94,新莊區
中正東路一段81巷,15,121.45311,25.16205,331.57,1339.3,972.66,54.26,淡水區
中正橋,40,121.51681,25.01776,598.58,4274.39,416.73,112.82,永和區
中正橋(環河西路一段),24,121.51553,25.01803,493.74,4278.39,423.51,231.76,永和區
中正民權路口,92,121.5336,24.98263,524.28,834.71,628.67,82.98,新店區
中正淡海路口,15,121.42422,25.17779,462.58,1231.68,2389.23,24.59,淡水區
中正路144巷口,15,121.5419,24.97148,454.42,714.77,389.02,28.91,新店區
中正路145巷口,18,121.4566,25.01587,440.63,688.53,599.45,73.34,板橋區
中正路161巷口,56,121.49935,24.99299,444.99,1658.21,531.5,56.49,中和區
中正路242巷口,13,121.51634,24.99816,467.45,2174.9,693.25,18.94,永和區
中正路248巷口,10,121.41774,25.00717,531.1,2544.45,1708.84,49.09,樹林區
中正路284巷,29,121.53842,24.9747,222.5,222.5,469.9,85.06,新店區
中正路347巷口,13,121.44718,25.03403,364.77,2401.92,579.61,120.4,新莊區
中正路399巷口,22,121.53455,24.9771,254.58,254.58,635.47,95.68,新店區
中正路465巷,17,121.51591,25.00587,132.75,2969.41,632.19,112.93,永和區
中正路666巷口,10,121.51917,25.00913,306.85,3415.15,564.37,151.49,永和區
中正路883巷口,14,121.41682,25.02491,218.0,868.49,503.36,73.2,新莊區
中正雙鳳路口,16,121.41803,25.0272,250.31,638.68,474.94,77.41,新莊區
中港國小,58,121.44783,25.04563,145.23,2545.22,1136.53,47.94,新莊區
中港大排願景館,57,121.45165,25.05894,546.64,3549.34,868.77,58.95,新莊區
中港平面停車場,21,121.45271,25.04485,351.17,3006.64,934.21,61.16,新莊區
中湖市民活動中心,20,121.34721,24.97285,313.73,4620.56,7325.86,3.61,鶯歌區
中興中正路口,30,121.54617,24.96991,509.86,1166.11,496.39,106.2,新店區
中興中正路口(泰坤建設),50,121.44933,25.03564,93.63,2655.18,322.07,32.52,新莊區
中興公園,17,121.50061,24.98805,229.36,1135.03,746.68,240.83,中和區
中興北街175巷口,36,121.4696,25.05595,467.71,4987.36,1065.29,26.24,三重區
中興北街42巷17弄,28,121.46892,25.05006,483.41,4598.84,464.08,153.41,三重區
中興寶慶街口,49,121.54195,24.98694,819.32,1380.32,382.14,47.83,新店區
中興寶橋路口,61,121.54687,24.97618,525.73,1053.85,404.18,26.89,新店區
中興工建路口,20,121.63535,25.06128,465.43,7388.82,1842.86,35.21,汐止區
中興復興路口,12,121.48182,25.09016,445.15,8117.4,973.08,108.66,蘆洲區
中興文化路口(東南側),19,121.5445,24.98037,137.1,971.95,305.83,43.85,新店區
中興橋(環河南路254巷口),26,121.49138,25.05052,712.03,5586.62,897.13,27.33,三重區
中興檳榔路口,13,121.54185,24.96337,228.85,1462.98,453.28,59.28,新店區
中興福德三路口,10,121.63077,25.06641,488.72,7658.04,1613.48,68.47,汐止區
中興街180巷口,18,121.49985,24.99098,250.35,1442.36,564.71,122.83,中和區
中興路2段100巷口,21,121.5475,24.97136,713.05,1209.81,604.7,20.18,新店區
中興路二段37巷口,20,121.4624,25.0754,826.33,5571.16,1545.53,131.84,五股區
中華中原路口,64,121.45178,25.05423,288.6,3275.64,958.36,136.7,新莊區
中華中央路一段242巷口,38,121.44348,24.98551,378.81,1908.68,517.19,47.88,土城區
中華城林路口,30,121.43883,24.97525,25.27,1852.71,566.44,78.38,土城區
中華愛國路口,10,121.37462,24.9327,315.84,948.03,5288.02,12.68,三峽區
中華日新街口,10,121.44463,24.98756,344.93,1998.31,468.18,172.36,土城區
中華自治街口,46,121.4533,25.04775,410.09,3139.01,733.53,37.63,新莊區
中華街57巷口,17,121.66763,25.07148,186.47,10305.54,5285.8,111.34,汐止區
中華裕華街口,13,121.4472,24.99003,459.02,1953.3,462.11,138.01,土城區
中華路12巷口,20,121.42111571570142,24.982608838794,266.21,2710.51,2296.32,89.78,樹林區
中華路379巷口,14,121.41239,24.97986,690.65,1782.45,2309.93,109.63,樹林區
中華路一段70巷口,12,121.4454,24.98825,337.09,2011.93,442.06,85.57,土城區
中華郵政五城郵局,15,121.47917,24.94483,811.29,3073.42,4690.12,121.86,新店區
中華郵政玫瑰城郵局,16,121.49674,24.94702,390.29,1287.96,4289.5,133.55,新店區
中華里(中華路二段),48,121.45367,25.04619,296.96,3131.62,771.35,12.58,新莊區
中華電信學院,9,121.46684,25.00801,345.18,801.62,719.75,109.27,板橋區
中華電信板橋雲端資料中心,45,121.45825,24.9953,487.1,1600.19,672.31,52.67,板橋區
中角灣,28,121.63234,25.239,67.59,1248.8,17225.72,188.95,金山區
中誠立體停車場,10,121.45137,25.04757,330.13,2946.89,925.69,134.99,新莊區
丹鳳國小,15,121.41336,25.0246,123.31,1186.89,242.72,36.42,新莊區
丹鳳派出所,23,121.41466,25.02769,311.93,949.65,610.38,59.75,新莊區
九芎街90巷口,15,121.46567,25.08024,528.88,6186.59,933.14,103.33,蘆洲區
二橋派出所,11,121.33884,24.94216,258.52,3816.69,8231.2,57.55,鶯歌區
二橋虹橋公園,10,121.32595,24.93453,1098.03,5165.03,9704.13,53.66,鶯歌區
二重國中,38,121.48047,25.06596,194.49,6440.57,1183.44,45.19,三重區
二重國小,43,121.47766,25.06598,176.64,6190.12,1311.41,59.38,三重區
二重埔市民活動中心,30,121.47492,25.06622,430.88,5960.73,1474.29,82.69,三重區
五堵橋下籃球場,17,121.66558,25.07553,474.4,10494.73,5247.7,10.78,汐止區
五堵火車站,66,121.66764,25.07823,204.83,10857.03,5546.0,26.24,汐止區
五堵車站(長安路),13,121.66821,25.07813,153.59,10886.79,5595.54,42.79,汐止區
五峰國中,34,121.54311,24.96601,193.74,1258.69,252.44,154.01,新店區
五工二五工一路口(泰博科技),20,121.45362,25.07155,1374.92,4655.08,1271.68,122.49,五股區
五工五五權路口,18,121.4497,25.0665,1383.02,3972.73,1153.63,166.91,五股區
五工路68巷口,25,121.458836,25.062942,874.31,4396.38,180.01,13.75,新莊區
五權一五工三路口,20,121.45797,25.06593,1172.06,4530.45,518.37,42.8,新莊區
五權公園地下停車場,25,121.46463,24.99265,223.2,1972.95,1372.5,12.12,板橋區
五福里(五華街),39,121.4939,25.08173,1141.44,8491.44,914.51,56.29,三重區
五股國民運動中心,22,121.44832,25.09537,255.23,5254.58,1651.89,6.05,五股區
五股工商立體停車場,22,121.43955,25.08245,144.12,4120.83,2700.13,51.4,五股區
五股戶政事務所,30,121.44561,25.09155,760.1,4874.86,1878.66,69.57,五股區
五股環保藝術公園(芳洲路),18,121.44308,25.08425,523.44,4488.48,2295.3,142.63,五股區
五股郵局,30,121.45098,25.10165,501.39,5753.63,1723.79,52.94,五股區
井泉公園,25,121.35665,25.0697,241.7,4409.57,7650.33,129.77,林口區
亞東醫院,61,121.45318,24.99837,317.82,1152.65,64.26,70.74,板橋區
亞洲員安路口,38,121.43485,24.97256,477.09,2247.84,594.13,20.43,土城區
仁信段平面停車場,12,121.49629,25.07914,1005.88,8543.31,945.41,156.35,三重區
仁信段平面停車場(元信一街),30,121.49692,25.07791,948.32,8490.79,808.03,214.29,三重區
仁化文新路口,36,121.47928,25.03486,582.7,3461.24,730.2,162.13,板橋區
仁愛仁和街口,15,121.49569,25.07354,550.39,8001.68,337.57,13.82,三重區
仁愛仁政街145巷口,18,121.49219,25.07949,852.23,8211.75,638.66,11.25,三重區
仁愛信義路口,20,121.51269,25.01329,322.25,3712.67,277.98,56.77,永和區
仁愛公園,79,121.50542,25.00952,154.03,3269.49,971.14,49.07,永和區
仁愛公園(仁愛路),15,121.50796,25.01138,147.54,3467.52,769.78,31.33,永和區
仁愛廣場,44,121.47162,25.09057,228.1,7425.75,553.48,156.14,蘆洲區
仁愛文化二路口,55,121.37354,25.0777,492.06,2554.89,7279.05,64.68,林口區
仁愛街112巷,26,121.49488,25.07486,576.39,8095.57,503.24,79.41,三重區
仁愛街422巷口,17,121.49026,25.08153,947.24,8174.54,632.57,207.14,三重區
仁愛街458巷口,23,121.49015,25.08211,903.96,8202.13,679.12,142.03,三重區
仁愛街70巷口,32,121.47126,25.09398,308.66,7454.76,689.21,21.76,蘆洲區
仁愛路151巷口,59,121.6641,25.0652,345.84,9559.79,4744.98,84.28,汐止區
仁愛路306巷18弄口,13,121.50303,25.00888,276.01,3225.57,991.99,110.76,永和區
仁愛路40巷口,23,121.51416,25.01346,397.99,3753.84,141.12,20.66,永和區
仁愛路62巷(14&24弄口),29,121.45998,24.99821,338.66,1277.42,720.34,234.41,板橋區
仁美街/三和路四段145巷口,12,121.48636,25.07872,827.38,7673.97,193.44,181.37,三重區
仁義街26巷,17,121.49811,25.0774,884.2,8494.94,764.29,137.92,三重區
仁義街37巷元富一街口,40,121.5003,25.07785,943.55,8643.09,879.21,223.76,三重區
介壽國小,26,121.37912,24.93026,684.34,1221.62,5081.86,16.3,三峽區
介壽街/文化路一段188巷9弄口,16,121.46856,25.01979,165.45,1474.81,270.76,207.95,板橋區
伊吉邦社區,40,121.4134,25.03019,523.42,1062.25,854.83,52.56,新莊區
伯爵山莊第二期(康寧街),15,121.6384,25.07299,581.98,8665.64,2643.36,112.41,汐止區
佳和公園,27,121.5032,25.00694,281.01,3009.74,856.48,76.97,中和區
佳和公園(中山路二段64巷5弄),26,121.50186,25.00435,334.31,2751.76,591.03,111.61,中和區
佳和公園(中山路二段64巷7弄),15,121.50358,25.00492,320.19,2781.91,775.3,69.96,中和區
佳園大成路口,14,121.38362,24.94487,820.82,820.82,3836.01,36.39,樹林區
佳園學成路口,22,121.385,24.94695,962.31,1067.47,3617.88,30.57,樹林區
佳園路三段101巷80弄口,15,121.39488,24.94984,1057.4,2081.15,2574.41,100.67,樹林區
佳林國中(文化一路),18,121.38353,25.08141,151.31,1526.18,7016.77,115.62,林口區
俊興三龍街口,21,121.41828,25.01713,445.54,1473.3,832.82,28.54,樹林區
俊興俊安街口,15,121.41691,25.01187,847.14,2068.59,1206.01,51.17,樹林區
俊英俊保路口,20,121.42487,25.0091,1176.47,2254.99,1941.9,39.8,樹林區
俊英大安路口,14,121.42818,25.00379,632.56,2035.33,2516.1,140.79,樹林區
俊英街125巷口,15,121.42446,25.0108,983.13,2064.62,1772.28,29.22,樹林區
俊英街219巷口,17,121.42365,25.01294,732.43,1826.08,1545.09,140.82,樹林區
保安保福路二段口,14,121.5087,25.01497,275.54,3867.73,684.83,74.96,永和區
保安永平路口,47,121.50604,25.01233,366.39,3577.53,946.67,112.21,永和區
保安立體停車場,12,121.42652,24.99334,546.44,2677.25,2395.47,62.76,樹林區
保平永和路一段口,14,121.5134,25.00746,416.52,3083.62,616.5,113.33,永和區
保平路214巷,25,121.50921,25.00701,380.68,2984.93,544.79,87.05,永和區
保平路268巷,13,121.50857,25.00532,430.99,2794.71,406.62,51.34,永和區
保福保福路二段133巷口,14,121.5097,25.01422,241.11,3788.1,579.0,131.65,永和區
保長公園,66,121.67434,25.07952,485.14,11418.47,6227.82,51.51,汐止區
保長路51巷口,21,121.67382,25.0784,424.35,11292.18,6136.37,98.59,汐止區
保順環河西路口,69,121.50285,25.01135,453.96,3499.93,1201.33,35.9,永和區
信義公園,32,121.49875,25.0648,185.37,7316.85,255.67,171.79,三重區
信義公園市民活動中心,49,121.45713,24.99181,564.77,1983.51,861.11,12.53,板橋區
信義和平路口,15,121.45721,24.99455,553.93,1692.04,636.87,92.75,板橋區
信義文化三路口,24,121.37541,25.08214,186.54,2347.08,7566.19,49.64,林口區
信義路163巷口,17,121.45848,24.99271,410.27,1886.93,869.88,105.84,板橋區
修德國小,34,121.49045,25.0653,190.18,6945.47,553.4,67.5,三重區
修德國小(重陽路三段),22,121.48895,25.0662,18.15,6968.2,703.73,85.71,三重區
健華新城社區,72,121.4653,25.01927,226.7,1236.88,430.65,52.04,板橋區
僑中二街92巷口,21,121.44632,25.00879,211.19,211.19,1264.68,32.94,板橋區
億光電子(樹林高中),41,121.4236,24.98356,14.18,2982.32,2227.45,51.97,樹林區
元信二仁愛街口,20,121.49417,25.07709,694.95,8243.81,760.58,118.28,三重區
元富一街/仁義街79巷口,15,121.49955,25.08006,1179.59,8824.26,1085.38,172.44,三重區
元氣大鎮社區,29,121.479,25.00572,308.87,2052.99,599.83,33.03,中和區
先嗇宮,30,121.47601,25.05119,376.24,4921.15,690.66,60.82,三重區
光之公園,21,121.48667,25.01184,274.68,2788.74,457.65,142.32,中和區
光寶科技中和數位大樓,40,121.48761,25.00214,321.66,2992.65,399.96,54.67,中和區
光復中興北街175巷口(西北側),18,121.47205,25.05676,674.31,5250.04,1143.57,44.22,三重區
光復光榮巷口,13,121.48473,25.02139,462.02,2892.85,1444.41,47.38,板橋區
光復國小,38,121.48169,25.01501,310.73,2352.59,774.88,66.13,板橋區
光復興德路口(東南側),18,121.4721,25.05251,514.94,4940.37,673.23,75.75,三重區
光復街/中山路二段412巷口,15,121.48399,25.01902,193.39,2715.08,1179.86,34.69,板橋區
光復路一段15巷口,17,121.47213,25.04751,188.7,4407.67,139.15,56.95,三重區
光復路一段99巷口,18,121.47209,25.05109,375.98,4788.03,516.59,46.96,三重區
光復路二段42巷口,18,121.47203,25.05452,727.44,5154.42,894.99,45.94,三重區
光復高中,37,121.48258,25.01735,43.27,2515.47,1006.7,99.65,板橋區
光明停車場,15,121.3741,24.93036,181.05,1213.41,5478.61,77.54,三峽區
光明市場,27,121.49181,25.05734,450.43,6241.62,227.81,214.54,三重區
光明橋,14,121.34128,24.95577,167.58,3927.25,7778.24,161.78,鶯歌區
光明育智路口,14,121.3456,24.95587,190.42,3541.36,7342.74,16.34,鶯歌區
光明街,27,121.54009,24.96316,194.71,1429.01,482.09,27.22,新店區
光明路69巷口,17,121.37726,24.92918,524.21,1317.87,5303.3,41.44,三峽區
光榮國中(秀江街),20,121.49994,25.07221,325.08,8080.12,369.59,128.57,三重區
光興國小,30,121.49978,25.06027,165.13,6960.95,304.0,158.09,三重區
光華公園,25,121.41306,25.00557,48.64,2862.16,1751.02,44.04,樹林區
光華東帝士,40,121.42784,25.0108,1119.79,2056.68,2018.28,35.69,新莊區
光華橋(保平路),31,121.50779,25.00467,443.12,2721.36,409.03,94.21,中和區
光華長榮路口,16,121.46407,25.08188,454.62,6212.52,968.23,63.37,蘆洲區
全球傳動科技公司,20,121.41496,25.0073,312.91,2613.33,1600.09,165.91,樹林區
八安大橋(清水街),10,121.36891,24.92701,211.34,1743.47,6120.98,190.33,三峽區
八德中華路口,15,121.42002,24.98144,213.26,2559.33,2272.07,73.73,樹林區
八德公園,14,121.47482,25.02378,327.58,2229.56,614.02,214.15,板橋區
八德文化三路口,26,121.35992,25.06597,415.54,4238.5,7125.53,118.6,林口區
八德立體停車場,14,121.42532,25.02271,188.59,753.17,723.99,65.47,新莊區
八德街東豐街口,12,121.41946,24.97427,426.57,2333.31,1559.21,693.49,樹林區
八德路500巷,20,121.35626,25.06715,46.87,4534.46,7484.87,243.98,林口區
八里中庄市場綜合大樓,28,121.41407,25.15993,552.96,2757.57,3283.26,27.7,八里區
八里停五平面停車場,30,121.41758,25.15779,416.82,2648.17,3021.14,182.34,八里區
八里區民活動中心,14,121.40126,25.14933,267.87,4499.35,4900.89,115.09,八里區
八里國小,15,121.4026,25.14896,343.65,4421.98,4796.13,33.84,八里區
八里左岸自行車道(4.4K福德宮),15,121.44789,25.14315,1031.24,3323.41,1352.24,85.28,八里區
八里文化公園(棒球場),60,121.41251,25.16359,743.59,2672.47,3357.24,190.36,八里區
八里文昌五街,16,121.41342,25.15592,837.23,3093.58,3486.94,177.88,八里區
八里福朋喜來登酒店,30,121.42945,25.15922,1034.88,1853.11,1871.23,73.61,八里區
八里行政中心,20,121.40721,25.15397,1054.12,3709.31,4147.88,55.45,八里區
公五公園,39,121.44529,25.08655,833.88,4737.71,2000.08,187.27,五股區
公八停車場,15,121.34285,24.95515,339.37,3754.65,7623.77,92.33,鶯歌區
六合公園,44,121.48759,25.0695,375.58,7245.54,797.02,119.21,三重區
六張公園,42,121.49405,25.06966,331.91,7542.85,288.74,119.9,三重區
凌雲路一段158巷口,20,121.44818,25.10356,713.93,5589.36,2076.57,60.65,五股區
力行公園,16,121.36892,25.07776,667.36,3015.73,7537.56,20.55,林口區
力行地下停車場,20,121.48287,25.07787,484.68,7331.14,357.77,77.01,三重區
力行大勇街口,33,121.48151,25.07193,451.05,6854.42,714.42,129.54,三重區
力行新村,12,121.44347,24.99917,521.89,1038.31,904.52,13.25,板橋區
力行路二段91巷口,13,121.48255,25.07583,363.17,7176.13,396.56,89.53,三重區
化成公園,30,121.4616,25.04786,577.74,3951.77,251.97,197.66,新莊區
北城生活廣場(富貴街),11,121.49409,24.94888,533.57,1559.54,4418.83,166.75,新店區
北大高中,23,121.37505,24.9492,110.27,924.19,4498.54,11.74,三峽區
北新國小,49,121.54443,24.97423,615.9,819.58,163.29,11.93,新店區
北新新生街口,12,121.54061,24.96561,239.48,1185.48,204.92,52.57,新店區
北新路二段228巷口,12,121.54284,24.97775,221.65,689.23,95.53,45.93,新店區
北港國小,20,121.64595,25.08903,807.57,10595.3,4204.99,45.82,汐止區
北鶯停車場,20,121.35992,24.95567,781.15,2346.64,5902.45,135.56,鶯歌區
北鶯公園,15,121.35942,24.95777,618.68,2548.49,5941.93,87.73,鶯歌區
十三行博物館,46,121.406,25.157,1242.94,3610.07,4153.54,11.46,八里區
十分遊客中心,42,121.78279,25.04711,3815.21,12460.39,16598.89,20.55,平溪區
十四張?文路口,15,121.52978,24.98055,685.53,869.39,483.34,39.31,新店區
十四張啓文路口,15,121.52978,24.98055,685.53,869.39,483.34,39.31,新店區
十四張央北二路口(波爾多社區),40,121.52635,24.98285,873.12,1299.03,225.54,56.87,新店區
十四張歷史公園(北側),24,121.52689,24.9798,713.55,1070.65,525.35,16.21,新店區
十四張歷史公園(南側),20,121.52844,24.979,558.86,891.31,612.45,111.51,新店區
十四張歷史建築園區(文記街),49,121.52792,24.98065,747.78,1027.12,425.0,152.9,新店區
南勢六街81巷口,15,121.35475,25.07255,377.92,4518.38,8008.81,157.91,林口區
南勢國中,24,121.36232,25.07486,478.55,3720.83,7682.0,90.04,林口區
南勢市民活動中心,25,121.35914,25.07393,185.04,4054.67,7814.19,60.12,林口區
南樹林火車站,20,121.409,24.9802,971.25,1498.96,2478.08,32.19,樹林區
南興公園,32,121.65255,25.05978,387.08,8315.98,3488.53,168.39,汐止區
南華路56巷,16,121.50431,24.99706,495.26,1907.93,371.02,175.58,中和區
南雅公園,45,121.45526,25.00376,317.71,718.24,594.19,165.09,板橋區
南雅東路(画世代社區),40,121.45364,25.00748,494.64,494.64,559.19,189.75,板橋區
南雅育智路口,22,121.346,24.954,113.45,3412.75,7315.25,87.19,鶯歌區
南雅西路一段(画世代社區),40,121.45271,25.00688,487.12,487.12,665.99,255.11,板橋區
南雅西路二段145巷,18,121.45172,25.01171,315.22,596.41,783.58,124.53,板橋區
博愛中正路口,31,121.54072,24.97282,529.59,529.59,340.78,51.78,新店區
厚德公園,41,121.4912,25.07199,115.8,7647.12,573.96,70.07,三重區
原住民族公園,23,121.64162,25.07122,343.25,8660.85,2830.14,25.17,汐止區
原興廣場,49,121.63304,25.06507,496.02,7633.57,1770.41,49.65,汐止區
台北得意GO,20,121.46769,25.07429,462.22,5878.16,1365.08,11.49,五股區
台北慈濟醫院,40,121.537,24.9859,391.73,1149.25,515.79,72.31,新店區
台北花園廣場社區,20,121.426,25.0641,803.39,2703.75,3413.56,12.16,泰山區
台北醫院(民樂街),11,121.45788,25.04267,340.52,3490.33,397.91,192.14,新莊區
台水新莊服務所,36,121.46019,25.04152,525.14,3537.15,186.71,87.75,新莊區
台灣科學園區,54,121.63496,25.05793,554.89,7054.41,1706.03,24.34,汐止區
台灣科技公園,30,121.49115,24.99855,288.96,2642.37,674.87,229.31,中和區
台灣科技廣場,70,121.48906,25.00572,712.17,3050.98,159.57,47.52,中和區
台灣科技總部,11,121.54905,24.97344,755.82,1293.48,628.2,21.66,新店區
台灣電力公司中和服務所,17,121.50683,24.99149,531.83,1259.64,150.12,137.48,中和區
台練橋,14,121.6627,25.07201,635.2,10009.6,4843.82,162.14,汐止區
台貿三村停車場,15,121.43169,25.06712,518.68,3140.46,2895.41,270.85,泰山區
台電台北西區營業處,13,121.4656,25.04765,570.29,4273.64,586.57,59.07,新莊區
台麗街13巷,22,121.42464,25.03829,882.24,220.25,1060.42,91.42,泰山區
吉安停車場,14,121.51635,24.96623,1093.8,1775.93,1499.5,59.98,新店區
同安公園,38,121.49907,25.05732,227.36,6655.1,639.55,41.88,三重區
同興公園,26,121.432,25.0552,359.22,1910.41,2497.83,44.89,泰山區
同興大同路口,30,121.63882,25.05981,779.23,7446.16,2129.06,80.78,汐止區
同興工建路口,20,121.63682,25.06249,630.48,7581.7,2030.54,80.75,汐止區
名利橋,39,121.50099,25.00785,470.57,3150.69,773.72,11.04,永和區
味王街,26,121.404,24.9747,303.35,791.26,2238.45,230.55,樹林區
和城停車場,15,121.48917,24.99404,594.36,2428.27,1170.45,33.61,中和區
和平公園,20,121.48571,25.07088,457.22,7162.39,638.25,3.75,三重區
和平楓樹街口(和平公園),15,121.43507,25.06456,750.84,2984.49,2510.51,3.77,泰山區
和平路105號,10,121.45129,24.96847,992.46,819.31,841.86,824.9,土城區
員勝公園,47,121.4786,25.0109,278.4,1969.85,624.87,104.52,中和區
員和公園,34,121.44275033207956,24.978918316048684,589.66,1564.37,631.81,35.68,土城區
員山市場臨時平面停車場,27,121.48063,25.00676,232.68,2193.69,400.21,78.75,中和區
員山路36巷口,19,121.48211,24.9908,659.6,2845.38,1761.26,100.21,中和區
員林平面停車場,9,121.44437,24.97681,470.46,1333.75,355.91,173.79,土城區
員林社區公園,50,121.44328,24.97784,557.12,1472.46,500.56,129.52,土城區
商港一十三行路口,30,121.40558,25.15483,1018.14,3781.92,4268.22,121.35,八里區
商港三頂罟二路口,25,121.40168,25.15333,688.69,4198.69,4693.97,204.92,八里區
商港公園(商港七商港一路口),15,121.39841,25.14916,229.98,4737.07,5170.76,205.99,八里區
商港公園(商港八商港一路口),15,121.40026,25.15039,336.31,4506.04,4945.84,33.41,八里區
商港六商港三路口,15,121.39589,25.14968,453.7,4908.86,5382.85,226.65,八里區
啟德橋(招商街),19,121.66801,25.06786,253.57,10048.29,5200.11,30.13,汐止區
啟文央北二路口(中央公園社區),40,121.52935,24.97976,607.85,852.32,549.15,106.57,新店區
嘉穗公園,10,121.4784,24.99566,451.16,2492.03,1531.98,161.26,中和區
四川忠孝路口,39,121.45924,25.00149,375.85,909.72,704.73,138.02,板橋區
四川遠東路口,60,121.45759,24.99856,452.2,1244.73,476.96,109.77,板橋區
四維八德街口,15,121.42107,24.98018,337.32,2612.83,2097.72,189.65,樹林區
四維公園,27,121.42221,25.0213,218.57,912.4,828.52,193.23,新莊區
四維公園地下停車場,93,121.46392,25.02569,272.36,1846.36,298.06,139.18,板橋區
四維國凱街口(立天下社區),44,121.42241,24.97934,326.19,2716.68,1936.89,325.62,樹林區
四維文化一路口,16,121.37982,25.07664,190.17,1955.01,6811.26,74.13,林口區
四維文化二路口,27,121.37604,25.07899,387.85,2288.41,7254.98,113.0,林口區
國中二甲路口,20,121.33868650698288,24.939489067109363,311.66,3833.88,8318.61,116.2,鶯歌區
國中碇坪路二段口,19,121.71259,24.93666,98.7,4844.27,15025.65,57.27,坪林區
國中高職東街口,15,121.34116,24.94117,0.0,3580.72,8029.99,105.01,鶯歌區
國光公園,42,121.454,25.0198,49.08,1179.39,1056.01,117.37,板橋區
國光街330巷口,16,121.37212,24.93942,183.17,492.4,5142.48,161.78,三峽區
國光街圓環小公園,16,121.46987,25.00135,278.56,1426.22,1343.39,95.09,中和區
國光里(國光路),43,121.45847,25.0178,518.75,893.93,563.1,3.63,板橋區
國家人權博物館,15,121.53198,24.98835,186.06,1489.59,610.26,190.97,新店區
國家檔案館,17,121.37472,25.07353,156.77,2545.31,6822.83,107.49,林口區
國家檔案館(文化一路),25,121.37527,25.07285,210.78,2518.54,6729.29,49.16,林口區
國家電影及視聽文化中心,20,121.44769,25.05605,337.62,3037.57,1362.91,46.96,新莊區
國慶三樹路口,20,121.37738,24.93826,315.05,315.05,4728.55,141.22,三峽區
國慶學成路口,10,121.37397,24.94095,256.65,272.72,4902.13,66.03,三峽區
國慶路149巷口,14,121.46151,24.99605,329.29,1533.88,925.66,57.64,板橋區
國泰國小,14,121.44186,25.03398,323.01,1880.64,547.19,75.73,新莊區
國泰綜合醫院,44,121.66256,25.07315,700.92,10094.97,4876.16,67.14,汐止區
國泰街111巷口,43,121.46617,25.00609,126.4,816.23,743.15,226.66,板橋區
國立師範大學林口校區,59,121.39795,25.06804,1118.19,1424.72,4987.61,33.48,林口區
國立空中大學(中正路174巷口),15,121.4672,25.08782,224.94,6919.63,462.32,42.45,蘆洲區
國立臺北大學(三峽校區),63,121.3729,24.94594,245.57,666.38,4805.65,14.08,三峽區
國道路二段88號,17,121.47198,25.07455,403.56,6230.55,1020.91,281.9,蘆洲區
國道車路頭街口,20,121.48424,25.07307,582.95,7155.3,447.31,59.07,三重區
國隆大仁街口,17,121.492,25.06468,262.35,6957.17,458.7,225.09,三重區
國際一路112巷口,15,121.33579,24.97667,933.68,5718.48,8541.48,31.91,鶯歌區
國際二國學街口,15,121.37233,24.94319,468.68,500.03,4960.12,232.94,三峽區
國際二國際一路口,20,121.3353,24.97577,825.59,5685.71,8567.72,106.06,鶯歌區
圓通綠廊,13,121.49711,24.9945,464.38,1921.26,755.68,41.37,中和區
圓通路335巷33弄,26,121.49303,24.98899,899.88,1781.35,1276.03,202.06,中和區
圓通路369巷口,18,121.48737,24.98852,518.42,2257.88,1778.42,41.67,中和區
圓通錦和路口,54,121.49125,24.98955,892.65,1966.04,1419.71,29.36,中和區
土城仁愛社區公園,39,121.46035,24.98071,655.74,854.61,1266.03,126.77,土城區
土城區公所,28,121.44316,24.9719,200.01,1419.9,99.25,23.92,土城區
土城國中,50,121.43037,24.96243,690.32,2969.0,677.0,195.45,土城區
土城國中(永安街115巷),39,121.42894,24.96316,760.86,3068.88,760.64,174.27,土城區
土城國小(興城路),17,121.44149,24.97267,28.06,1578.95,219.84,184.28,土城區
土城紫藤廊道(學海街),25,121.44836,24.97923,240.14,1082.19,680.53,153.75,土城區
土城綜合球場,30,121.4542,24.97872,550.16,640.56,910.58,62.59,土城區
土城綜合體育場,56,121.453797,24.984095,283.03,1213.72,515.22,57.61,土城區
坪林旅遊服務中心,22,121.70528,24.93522,674.8,4671.79,14450.93,16.23,坪林區
坪林茶業博物館,20,121.71254,24.93475,118.38,5027.15,15119.34,33.33,坪林區
埔墘國小,34,121.47372,25.01908,318.67,1807.03,532.36,78.8,板橋區
埔新街61巷口,15,121.61987,25.00241,107.95,2387.49,4049.69,201.86,深坑區
埤墘公園,37,121.47422,25.02332,279.33,2150.62,554.49,231.29,板橋區
塭仔圳十米園道(幸福路口),35,121.44247,25.04972,340.52,2212.36,1781.18,153.93,新莊區
塭仔圳十米園道(新莊歐洲村),35,121.44247,25.05186,404.52,2338.95,1791.0,222.62,新莊區
塭仔底濕地公園,25,121.45438,25.05635,173.55,3619.97,794.57,217.98,新莊區
塭仔底濕地公園(中華路),24,121.45222,25.05645,299.96,3439.89,949.91,280.54,新莊區
壽德新村,18,121.46536,24.99548,380.85,1699.37,1314.12,67.5,中和區
夢奇地公園(文化路一段),45,121.4638,25.017,413.5,942.69,174.38,154.24,板橋區
大仁街20巷口,33,121.52008,24.9934,118.97,1920.06,419.35,82.84,中和區
大勇立人街口,18,121.5175,24.99397,348.37,1816.83,259.86,193.09,中和區
大同國小,30,121.41683,24.98114,242.15,2249.11,2343.73,105.44,樹林區
大同建成路口,30,121.66558,25.07258,415.19,10251.99,5136.36,87.44,汐止區
大同路270巷口,15,121.36551,24.92526,125.87,2082.82,6513.24,13.18,三峽區
大同路三段148號,19,121.67296,25.07617,371.53,11053.67,5975.6,25.62,汐止區
大學學成路口,11,121.37521,24.94298,263.21,263.21,4698.39,17.3,三峽區
大安中央路口,27,121.43264,24.96576,1106.87,2617.27,310.46,77.77,土城區
大安市民活動中心,25,121.43935,24.96595,753.68,1983.19,268.14,114.83,土城區
大安文化街口,21,121.41595,24.98962,187.7,2696.52,3230.58,38.56,樹林區
大崁國小,20,121.41938,25.16064,57.85,2296.92,2747.4,10.16,八里區
大崙公園,30,121.36,25.0766,316.72,3923.01,7980.47,49.11,林口區
大庄一號公園,35,121.42212,25.18201,210.18,1206.71,2805.74,47.1,淡水區
大庄福德宮,15,121.42796,25.1883,800.69,307.81,2842.3,72.28,淡水區
大德學勤路口,15,121.37506,24.94634,24.65,613.53,4584.65,23.85,三峽區
大成學士路口,17,121.38196,24.94768,646.4,912.4,3877.41,39.16,樹林區
大明街20巷19弄口,43,121.45714,25.00306,376.28,750.66,633.81,33.15,板橋區
大智中山路口,20,121.36059,24.93708,174.81,1679.81,6311.28,254.83,三峽區
大智公園,30,121.49445,25.06361,268.97,6975.54,413.31,236.4,三重區
大眾廟,28,121.458,25.0374,24.1,3071.15,348.7,67.69,新莊區
大義三樹路口,14,121.37899,24.94357,367.33,367.33,4321.56,60.99,三峽區
大觀國中,99,121.44698,25.01076,176.04,366.17,1221.21,91.79,板橋區
大觀段平面停車場,18,121.45064,25.005,395.77,395.77,702.41,334.15,板橋區
大觀路一段75巷,16,121.44925,25.00406,276.03,413.5,661.58,276.04,板橋區
大觀路二段19巷,29,121.45079,25.00256,369.88,628.17,441.85,310.23,板橋區
大觀路二段1巷,24,121.44863,25.00382,211.46,424.26,673.67,218.44,板橋區
大觀路二段265巷3弄口,10,121.44286,24.99828,635.96,1154.21,960.22,56.89,板橋區
大豐公園停車場,15,121.53587,24.97875,357.38,357.38,672.76,177.94,新店區
大豐里(建國路),13,121.53799,24.97991,506.61,506.61,429.54,67.57,新店區
大雅佳園路口,14,121.38067,24.94447,556.33,556.33,4126.47,56.31,樹林區
大鵬停車場,15,121.64711,25.21194,124.09,3437.92,14933.05,118.53,萬里區
大鵬華城,31,121.53398,24.99116,427.71,1750.32,684.78,30.36,新店區
天山公園(永安街),30,121.51753,24.98652,403.51,1206.47,614.81,18.1,新店區
天祥街31巷口(雍玥社區),40,121.41754,25.0286,413.29,646.69,482.55,45.45,新莊區
太陽公園,44,121.4856,25.08645,324.96,8129.0,847.39,80.03,三重區
央北三中央路口(全陽大璽),73,121.53339,24.97878,470.21,470.21,711.56,101.16,新店區
央北二月記街口,22,121.53008,24.97763,360.52,680.11,493.66,120.06,新店區
央北新村平面停車場,49,121.52737,24.97752,486.04,939.0,547.02,50.84,新店區
央北社會住宅,64,121.52643,24.98263,880.85,1277.57,241.11,41.84,新店區
學勤大有路口,18,121.38399,24.94864,818.24,1123.4,3649.39,48.29,樹林區
學勤大觀路口,15,121.3743,24.94584,119.26,586.97,4674.7,61.1,三峽區
學士學府路口(大苑社區),47,121.44580101471448,24.9769584499386,325.39,1200.4,364.77,183.02,土城區
學士龍山二街口(金城舞2社區),31,121.45049,24.97991,340.17,968.7,624.66,73.89,土城區
學府中正路口(A+社區),40,121.44534,24.97551,413.77,1206.22,199.85,171.37,土城區
學府大學路口,18,121.3718,24.94779,379.83,898.97,4854.89,73.92,三峽區
學府大德路口,12,121.37362,24.94864,266.37,901.51,4653.54,28.57,三峽區
學府大成路口,14,121.38139,24.9509,561.82,1197.09,3832.75,12.11,樹林區
學府大雅路口,15,121.37901,24.95041,315.78,1070.36,4078.79,21.74,樹林區
學成公園,42,121.45151,24.98803,308.27,1700.89,300.25,145.51,土城區
學成大德路口,19,121.37634,24.94334,260.16,260.16,4577.78,89.82,三峽區
學成大成路口,37,121.38236,24.94587,717.96,787.09,3909.6,30.54,樹林區
學成大義路口,33,121.37838,24.9453,339.04,506.05,4306.59,119.19,樹林區
學成大義路口(學成路一),13,121.37803,24.94477,335.68,438.83,4360.6,101.27,三峽區
安光公園,32,121.51446,24.96423,1202.97,1897.93,1769.24,107.86,新店區
安和公園,44,121.51885,24.97411,429.76,1303.0,1123.51,1.78,新店區
安和安樂路口,15,121.51196,24.99344,218.76,1531.08,463.98,48.57,中和區
安和市民活動中心,25,121.51569,24.97532,94.55,962.26,1456.72,162.65,新店區
安和碧安街口,20,121.51776,24.96696,1039.99,1781.42,1336.62,34.61,新店區
安和路二段117巷口,17,121.51883,24.97029,736.62,1564.84,1128.07,7.8,新店區
安居公教住宅,24,121.51293,24.9595,796.64,1364.49,2190.09,55.7,新店區
安平橋,27,121.50936,24.99474,411.46,1624.79,491.57,61.53,中和區
安康立體停車場,30,121.51267,24.96261,1102.77,1696.12,2014.98,63.31,新店區
安康高中,75,121.51521,24.96927,748.91,1426.0,1506.92,135.96,新店區
安德停車場,12,121.50882,24.96039,1159.73,1420.48,2474.73,159.68,新店區
安成安德街口,29,121.50999,24.96115,1129.78,1504.17,2330.16,162.34,新店區
安樂宜安路口,35,121.51351,24.99527,44.02,1772.07,463.16,47.58,中和區
安民街35巷口,13,121.51564,24.96484,1242.31,1881.4,1632.35,132.06,新店區
安民街停車場,16,121.51686,24.97077,607.53,1389.96,1319.04,96.35,新店區
安溪國中,20,121.37185,24.92638,487.38,1699.0,5924.63,58.64,三峽區
安溪國小,27,121.37265,24.93122,61.24,1162.79,5544.57,35.17,三峽區
安興祥和路口,15,121.51546,24.97666,79.93,866.16,1508.6,81.69,新店區
安華公園,22,121.53538,24.97374,230.35,230.35,550.72,137.45,新店區
安邦公園,53,121.49651,24.99678,265.0,2167.02,603.99,200.74,中和區
安邦段青年社會住宅,40,121.49542,24.9989,198.04,2425.5,383.73,83.23,中和區
宏匯廣場,51,121.44908,25.05931,663.79,3371.29,1105.95,185.68,新莊區
宏匯思源廣場,30,121.45905,25.05745,528.39,4089.88,463.23,221.71,新莊區
宗北公園,15,121.3838,25.08809,877.27,1701.0,7631.08,184.65,林口區
富基漁港,26,121.53624,25.29301,996.94,5603.14,16604.36,147.96,石門區
富貴森林公園,46,121.37831,25.08296,457.23,2064.09,7460.45,77.4,林口區
審計人員訓練大樓,10,121.50956,24.98184,429.93,254.49,850.48,124.39,中和區
寶中寶橋路口,17,121.55028,24.97862,240.61,1435.85,793.1,58.12,新店區
寶中路97巷口,13,121.54878,24.98047,387.03,1357.96,621.18,278.68,新店區
寶強文化路口,11,121.54351,24.97914,62.22,815.69,262.98,30.97,新店區
寶橋路235巷,32,121.55102,24.98278,393.61,1674.01,787.33,71.87,新店區
寶橋路235巷口,44,121.55234,24.97955,14.18,1662.8,991.16,114.71,新店區
寶橋路29巷,10,121.54389,24.97492,532.42,754.89,83.67,87.88,新店區
寶橋路78巷,44,121.5476,24.97368,792.27,1144.91,480.67,95.92,新店區
寶高智慧產業園區,35,121.551,24.9775,266.15,1483.48,845.1,87.11,新店區
寶高路120巷口,14,121.55433,24.97622,409.46,1805.07,1142.92,14.42,新店區
小金門友誼公園,60,121.53791,24.97699,216.23,216.23,476.95,99.5,新店區
尖山公園,29,121.346,24.9482,286.53,3193.99,7391.95,5.74,鶯歌區
尖山國中,20,121.34207,24.94381,307.56,3502.66,7873.08,34.68,鶯歌區
尖山路高厝巷口,15,121.34102,24.94495,390.62,3621.21,7950.7,40.51,鶯歌區
屈尺景觀公園,16,121.54668,24.91988,327.68,4855.7,4319.53,204.97,新店區
山佳火車站,25,121.39317,24.97271,185.0,323.39,2941.16,43.67,樹林區
山北公園,32,121.50014,25.00653,583.56,3028.32,604.82,146.85,中和區
山腳停車場,15,121.42904,25.06515,847.35,2865.01,3121.25,89.33,泰山區
崁頂三後洲路一段路口,20,121.42972,25.20158,650.55,1188.94,4030.4,48.75,淡水區
崁頂三路,15,121.43177,25.20081,619.25,1136.12,3873.57,26.07,淡水區
崁頂市民活動中心,20,121.4287,25.19772,225.05,757.97,3685.79,44.53,淡水區
崁頂林子福德宮,15,121.43038,25.19959,443.29,975.52,3800.95,18.3,淡水區
崇光女中,39,121.53904,24.97156,518.1,518.1,481.03,162.42,新店區
崇德國小,47,121.66979,25.06938,139.61,10294.66,5419.25,128.71,汐止區
崇德橋東活動中心,22,121.667,25.07051,171.49,10184.01,5190.15,1.13,汐止區
崇林國中,20,121.37134,25.06754,347.68,3124.58,6477.3,165.09,林口區
崑崙公園,32,121.42964,24.99341,370.33,2425.81,2109.7,22.5,板橋區
崑崙活力廣場,52,121.43294,24.99402,262.28,2135.28,1848.05,67.45,板橋區
嶺腳車站,30,121.74788,25.03005,999.19,8593.56,13338.85,8.62,平溪區
工建樟樹一路口,44,121.64112,25.06319,362.63,7886.92,2461.59,97.01,汐止區
師大林口校區正樓後,27,121.4033,25.06944,1313.02,1350.24,4888.53,301.97,林口區
師大林口校區行政大樓,18,121.40133,25.06726,1436.87,1533.18,4751.36,167.74,林口區
師大林口校區誠樓前,29,121.4022,25.06929,1269.74,1332.17,4917.79,234.81,林口區
師大林口校區體育館前,16,121.40216,25.06703,1492.91,1574.89,4691.69,198.49,林口區
平溪國中,55,121.73422,25.02348,523.0,7128.41,12177.25,29.35,平溪區
平溪市民活動中心,20,121.7372,25.02484,188.71,7438.68,12425.4,14.52,平溪區
幸福中環路口,12,121.44289,25.04903,273.89,2213.04,1711.46,91.96,新莊區
幸福路678巷口,13,121.45063,25.0492,179.03,2934.45,964.12,74.68,新莊區
幸福路753巷口,19,121.44834,25.04914,259.34,2717.24,1194.33,23.34,新莊區
府中汽車停車場,28,121.45882,25.00745,248.48,248.48,118.07,45.76,板橋區
府中立體停車場,15,121.45436,25.00979,350.78,350.78,469.76,20.03,板橋區
康寧街307巷,28,121.62697,25.06809,404.69,7663.09,1390.29,80.92,汐止區
康福公園,28,121.63748,25.06894,342.89,8228.69,2344.8,12.63,汐止區
廣停一機車停車場,15,121.45766,25.06209,868.19,4244.92,220.82,138.1,新莊區
廣停二停車場,41,121.37045,25.0755,378.8,2903.48,7243.17,45.56,林口區
廣福公園,30,121.462872,24.991643,180.28,2040.29,1287.03,20.88,板橋區
廣福國小,20,121.45506,24.98713,108.3,1518.33,595.55,70.41,土城區
廣福派出所,43,121.45655,24.98816,296.81,1619.61,766.93,97.86,土城區
廣興河濱公園,16,121.53739,24.91255,1533.22,4808.97,5036.05,1119.34,新店區
延吉街111巷1弄,18,121.47171,24.98623,659.53,2033.13,2266.5,359.2,土城區
延吉街291巷口,10,121.46716,24.98394,206.53,1531.33,1826.86,132.58,土城區
延吉街47巷口,10,121.47236,24.98795,646.86,2214.53,2309.55,208.2,土城區
延和廣場,19,121.46415,24.98704,293.2,1653.54,1506.77,7.74,土城區
延和社區公園,40,121.46882,24.99018,288.51,2188.13,1875.82,26.68,土城區
建中街90巷口,12,121.4469,25.03659,349.32,2399.06,559.4,114.34,新莊區
建二建三路口,20,121.4868,25.00369,510.29,2869.59,371.7,136.53,中和區
建六中正路口,12,121.48526,25.00223,452.21,2763.07,581.01,58.79,中和區
建國一路平面停車場,18,121.43491,25.02394,843.09,1262.19,931.99,22.43,新莊區
建國中正一路口(北鶯社區),20,121.35692,24.95658,490.67,2638.15,6198.99,3.21,鶯歌區
建國國小,15,121.34727,24.95521,75.71,3358.23,7178.51,33.92,鶯歌區
建國民權路口,32,121.53746,24.98318,614.23,851.67,347.34,90.14,新店區
建成段平面停車場,15,121.66542,25.07336,488.36,10304.83,5154.46,75.3,汐止區
建成路142巷口,53,121.66255,25.07335,712.92,10111.0,4881.85,65.03,汐止區
建福公園,33,121.42669,25.02769,336.66,336.66,426.91,22.6,新莊區
彩虹兒童公園,22,121.4646,25.08871,149.33,6697.01,291.26,127.21,蘆洲區
彭厝市場,22,121.41828,24.97848,473.81,2289.81,2033.63,211.09,樹林區
彭厝里(福順街),15,121.41641,24.97757,610.74,2082.05,1958.44,322.65,樹林區
彭福國小,40,121.4233,24.9804,185.04,2834.9,1966.85,291.69,樹林區
後埔國小,12,121.4643,25.00339,261.24,873.14,773.38,23.39,板橋區
後埔國小(實踐路/重慶路155巷口),24,121.46417,25.00412,227.74,801.27,706.47,15.31,板橋區
後港公園,35,121.42835,25.02536,424.06,631.36,689.43,12.85,新莊區
後竹圍市民活動中心,45,121.48576,25.07246,434.61,7252.85,463.27,110.77,三重區
御史路1巷,20,121.442,25.0904,935.29,4491.24,2247.82,48.09,五股區
復興化成路口,15,121.46453,25.04457,676.23,3919.06,530.58,170.65,新莊區
復興民生街口,32,121.37339809342711,24.936959752151225,191.12,559.39,5150.11,75.34,三峽區
德光國光街口,39,121.46809,25.00314,275.16,1161.12,1079.59,11.35,中和區
德光莒光路口,30,121.47178,25.0047,409.73,1392.28,1089.63,48.24,中和區
德厚公園,15,121.47809,25.04883,403.18,4756.21,694.5,305.62,三重區
德泰公園,13,121.43505,25.06812,361.8,3351.1,2594.8,76.52,五股區
德音國小,20,121.43564,25.07198,176.85,3775.04,2692.65,17.82,五股區
忠孝二文化二路口,23,121.36541,25.06913,883.76,3593.89,6995.54,124.62,林口區
忠孝公園路口,16,121.36982,25.0712,401.32,3096.97,6892.8,34.68,林口區
忠孝國中,66,121.46129,25.00488,430.23,576.61,458.81,148.23,板橋區
忠孝國中地下停車場,20,121.46241,25.00378,279.09,735.06,621.8,6.91,板橋區
忠孝東路382巷口,22,121.66552,25.07001,313.49,10040.28,5031.11,57.96,汐止區
忠孝活動中心,28,121.51528,25.01677,418.53,4136.04,283.82,124.84,永和區
忠山市民活動中心,38,121.62449,25.0782,987.71,8618.52,1767.78,54.25,汐止區
忠福南勢一街口,20,121.36137,25.07744,482.88,3775.58,7964.28,27.35,林口區
忠誠里(北新路2段97巷),40,121.54278,24.97427,605.02,655.77,88.83,16.38,新店區
思源中原東路口(東南側),35,121.4601,25.05369,511.29,4005.28,396.33,124.32,新莊區
思源路192巷口,23,121.4601,25.04823,474.53,3814.42,170.6,53.32,新莊區
思源路593巷口,16,121.45962,25.05954,617.72,4254.87,225.59,11.27,新莊區
思賢公園(北側),18,121.45672,25.04792,273.38,3476.09,408.97,129.79,新莊區
思賢國小,65,121.4577,25.04629,150.83,3530.74,462.67,44.83,新莊區
思賢國小(自由街),21,121.45587,25.04551,64.46,3333.06,645.5,39.16,新莊區
恩主公醫院,54,121.36355,24.93891,335.82,1343.86,5957.91,9.2,三峽區
惜福公園,20,121.44815,24.98144,484.46,1255.71,438.89,12.3,土城區
惠國市場,36,121.54338,24.97042,366.43,904.86,317.92,7.57,新店區
慈化公園,16,121.48864,25.08461,653.85,8242.43,875.33,57.18,三重區
慈愛公園,23,121.48461,25.08119,599.35,7689.58,416.63,11.46,三重區
懷德街233巷(環翠社區),40,121.48148,25.029,408.11,3115.35,841.0,83.51,板橋區
懷石公園,17,121.48137,25.03114,410.98,3276.43,800.52,229.26,板橋區
成功運動公園,14,121.44472,25.09283,705.91,4825.36,1970.83,144.71,五股區
成州停車場,18,121.44836,25.10013,343.7,5444.34,1846.02,251.71,五股區
成州國小,20,121.4509,25.09952,275.43,5655.06,1591.88,12.92,五股區
成州派出所,49,121.44785,25.09155,665.17,5093.9,1653.14,69.44,五股區
成德公園,20,121.45282,25.10484,896.05,6071.05,1845.91,35.77,五股區
成泰路4段22巷,42,121.456,25.1083,1378.42,6530.95,2007.41,124.3,五股區
成泰路一段(中油),20,121.43555,25.07785,510.84,3728.97,3038.46,130.62,五股區
扶輪公園,48,121.36932,25.07298,392.5,3082.41,7081.33,81.56,林口區
扶輪公園(忠孝路),33,121.3685,25.07239,482.61,3180.46,7078.63,31.85,林口區
承天路4巷(MRT社區),40,121.43617,24.964,1076.44,2366.5,227.66,200.49,土城區
挖仔尾自然生態保留區,15,121.41586,25.16419,489.87,2345.16,3014.28,214.25,八里區
振義里公園,30,121.48397,25.02389,710.89,2963.2,1308.24,117.62,板橋區
捷運七張站(1號出口),42,121.542767,24.974996,524.89,641.41,30.51,27.44,新店區
捷運三和國中站(1號出口),95,121.4878,25.07588,480.26,7624.04,161.56,70.55,三重區
捷運三和國中站(2號出口),17,121.48635,25.07703,665.49,7569.05,14.43,23.37,三重區
捷運三峽站,61,121.37656,24.93835,287.58,297.11,4796.16,152.77,三峽區
捷運三民高中站(1號出口),12,121.47272,25.08582,140.32,7125.99,14.25,45.07,蘆洲區
捷運三民高中站(2號出口),55,121.47374,25.08577,94.27,7194.09,24.34,32.04,蘆洲區
捷運三重國小站,52,121.49713,25.07042,198.87,7765.98,49.88,42.63,三重區
捷運三重站(1號出口),61,121.48322,25.05464,484.09,5559.67,79.58,49.58,三重區
捷運三重站(3號出口),33,121.48474,25.05588,285.54,5751.14,37.36,30.67,三重區
捷運中原站,99,121.48486,25.00765,565.98,2605.64,110.16,13.0,中和區
捷運中和站,36,121.49587,25.00221,542.03,2727.32,62.54,38.31,中和區
捷運丹鳳站(1號出口),54,121.4228,25.02903,117.09,117.09,37.05,53.54,新莊區
捷運亞東醫院站(2號出口),52,121.4522,24.99763,430.98,1187.19,71.71,110.25,板橋區
捷運亞東醫院站(3號出口),56,121.45258,24.99821,356.25,1142.44,19.91,41.52,板橋區
捷運先嗇宮站(2號出口),64,121.47099,25.04607,8.95,4221.06,17.14,39.9,三重區
捷運十四張站,95,121.52833,24.983819,648.31,1227.77,95.97,79.2,新店區
捷運南勢角站(4號出口),96,121.50998,24.98942,310.13,1048.84,21.83,26.36,中和區
捷運國華站,24,121.34251,24.95535,299.78,3795.09,7656.79,108.65,鶯歌區
捷運國華站(2號出口),60,121.34301,24.95374,403.5,3676.91,7618.01,36.2,鶯歌區
捷運土城站(1號出口),10,121.44418,24.97314,300.17,1305.4,12.36,26.41,土城區
捷運土城站(2號出口),69,121.44395,24.9728,270.44,1330.58,31.98,19.03,土城區
捷運土城站(3號出口),33,121.44527,24.9739,430.66,1194.97,20.69,25.77,土城區
捷運大坪林站(1號出口),47,121.541,24.9828,420.73,925.56,13.69,63.01,新店區
捷運大坪林站(5號出口),92,121.54376,24.98288,357.47,1097.43,55.58,125.97,新店區
捷運媽祖田站,35,121.41185,24.95381,221.32,2655.5,869.88,44.57,土城區
捷運小碧潭站(1號出口),29,121.53029,24.97152,330.61,766.37,50.67,103.55,新店區
捷運幸福站,58,121.46018,25.04988,482.22,3870.76,14.55,67.66,新莊區
捷運幸福站(2號出口),35,121.46028,25.04955,501.34,3870.08,23.69,48.09,新莊區
捷運府中站(1號出口),91,121.45904,25.00821,162.49,162.49,30.92,97.41,板橋區
捷運府中站(3號出口),69,121.459,25.009,75.2,75.2,18.27,55.17,板橋區
捷運徐匯中學站(1號出口),38,121.479941,25.080312,566.94,7256.86,6.22,53.89,蘆洲區
捷運新北產業園區站,70,121.45918,25.06203,784.37,4366.66,79.15,19.87,新莊區
捷運新埔民生站,40,121.46657,25.02598,405.86,1963.59,31.54,30.57,板橋區
捷運新埔站(1號出口),99,121.46745,25.0235,331.2,1752.97,46.16,49.59,板橋區
捷運新埔站(2號出口),60,121.46779,25.02237,362.2,1661.65,43.24,85.34,板橋區
捷運新埔站(3號出口),20,121.46868,25.02247,345.5,1719.8,53.81,76.71,板橋區
捷運新埔站(4號出口),70,121.46857,25.02341,314.17,1801.36,29.94,90.1,板橋區
捷運新埔站(5號出口),79,121.46808,25.0235,360.17,1784.31,67.07,100.92,板橋區
捷運新店區公所站(1號出口),42,121.54101,24.96737,93.97,1022.45,11.77,39.31,新店區
捷運新店站,55,121.53866,24.95861,269.15,1899.94,138.51,36.25,新店區
捷運新莊副都心站,43,121.4466,25.05914,507.52,3170.6,1354.08,9.26,新莊區
捷運新莊站(1號出口),69,121.45204,25.03641,193.99,2914.44,42.37,36.54,新莊區
捷運新莊站(2號出口),54,121.45278,25.03607,257.25,2967.36,28.89,23.66,新莊區
捷運景安站,96,121.50472,24.99352,506.57,1513.78,28.47,24.41,中和區
捷運景平站,51,121.51563,24.99202,387.05,1533.25,63.35,33.46,中和區
捷運景平站(景平路278巷口),23,121.51513,24.99244,320.29,1548.82,126.52,33.76,中和區
捷運板新站,96,121.47124,25.01409,427.77,1318.44,107.67,34.64,板橋區
捷運板橋站(1號出口),86,121.46202,25.01335,369.71,504.04,18.76,63.24,板橋區
捷運板橋站(3號出口),89,121.46179,25.01452,409.62,603.6,87.39,120.74,板橋區
捷運林口站(1號出口),97,121.36251,25.06599,660.27,3998.67,6940.29,83.55,林口區
捷運橋和站,62,121.49082,25.00381,552.64,3134.35,123.19,75.48,中和區
捷運橫溪站,43,121.39136,24.93759,1165.1,1529.09,3612.25,247.61,三峽區
捷運永吉公園站,47,121.33476,24.96048,395.91,4747.44,8426.29,54.09,鶯歌區
捷運永安市場站,99,121.51111,25.00049,295.19,2281.05,210.13,55.91,中和區
捷運永寧站(2號出口),47,121.43554,24.96613,914.8,2328.68,28.51,51.63,土城區
捷運永寧站(3號出口),23,121.43688,24.96711,745.76,2164.27,28.13,35.19,土城區
捷運永寧站(4號出口),12,121.43677,24.96744,723.55,2162.82,14.67,20.48,土城區
捷運江子翠站(1號出口),13,121.47162,25.03043,208.25,2630.65,33.06,106.26,板橋區
捷運江子翠站(2號出口),26,121.472,25.02999,206.69,2606.7,25.11,90.71,板橋區
捷運江子翠站(3號出口),60,121.47195,25.02933,266.71,2540.78,25.23,50.13,板橋區
捷運江子翠站(4號出口),11,121.47307,25.02946,209.1,2612.28,48.84,30.51,板橋區
捷運江子翠站(5號出口),31,121.47291,25.03046,108.76,2698.26,78.44,25.84,板橋區
捷運江子翠站(6號出口),22,121.47314,25.03106,41.39,2767.4,18.1,49.62,板橋區
捷運泰山站,37,121.44,25.0531,503.96,2227.26,2056.16,56.81,泰山區
捷運泰山站(4號出口),26,121.43909,25.05313,587.53,2161.42,2147.21,14.25,泰山區
捷運泰山貴和站,45,121.42222,25.03319,458.33,458.33,467.11,28.53,泰山區
捷運海山站(1號出口),80,121.44855,24.98441,196.2,1479.9,107.57,201.06,土城區
捷運海山站(2號出口),32,121.44875,24.98457,193.43,1482.82,85.67,201.01,土城區
捷運海山站(3號出口),40,121.44935,24.98677,206.72,1660.36,53.79,109.81,土城區
捷運海山站(3號出口)轉乘停車場,80,121.44911,24.98639,167.85,1635.03,15.09,143.56,土城區
捷運淡水站,98,121.44418,25.16883,609.34,584.27,147.08,69.44,淡水區
捷運淡水站(中正東路),40,121.44684,25.16771,697.44,598.07,105.79,41.38,淡水區
捷運淡水站(中正鼻頭街口),14,121.44675,25.1667,801.6,710.58,152.55,64.79,淡水區
捷運環狀線板橋站(5號出口),99,121.46359,25.01598,492.41,834.9,90.1,65.02,板橋區
捷運秀朗橋站,77,121.52496,24.99045,574.19,2018.14,10.21,19.82,中和區
捷運竹圍站,54,121.46023,25.13717,572.73,4184.2,57.55,65.23,淡水區
捷運紅樹林站,44,121.45912,25.15358,341.08,2451.89,102.35,28.02,淡水區
捷運臺北大學站(1號出口),47,121.36739,24.93909,549.96,960.33,5592.79,41.63,三峽區
捷運臺北大學站(2號出口),86,121.36712,24.93883,530.85,993.58,5629.24,64.45,三峽區
捷運菜寮站(3號出口),60,121.4922,25.06047,326.31,6559.64,13.11,12.64,三重區
捷運蘆洲站,92,121.46403,25.09164,343.54,6690.78,34.7,22.93,蘆洲區
捷運蘆洲站(1號出口),48,121.4651,25.09113,339.25,6787.04,42.91,34.02,蘆洲區
捷運蘆洲站(蘆洲捷運公園),19,121.46358,25.09165,335.39,6646.41,72.96,33.25,蘆洲區
捷運輔大站(1號出口),31,121.43548,25.03285,792.71,1229.2,23.59,26.5,新莊區
捷運輔大站(4號出口),52,121.43666,25.03304,682.64,1348.79,12.97,71.65,新莊區
捷運迴龍站(2號出口),11,121.411,25.0211,520.84,1591.85,24.82,89.98,新莊區
捷運迴龍站(3號出口),70,121.41305,25.02276,309.84,1317.02,54.77,37.46,新莊區
捷運長壽山站,23,121.40267,24.94495,1182.13,2657.21,2218.96,76.89,三峽區
捷運陶瓷老街站,36,121.35065,24.95212,469.95,2899.55,6867.9,114.57,鶯歌區
捷運頂埔站(2號出口),66,121.4178,24.95852,576.12,2703.99,73.59,59.31,土城區
捷運頂埔站(3號出口),64,121.42,24.95996,849.34,2797.45,32.98,32.32,土城區
捷運頂埔站(福田路),66,121.4178,24.95852,576.12,2703.99,73.59,59.31,土城區
捷運頂溪站(2號出口),15,121.51549,25.01424,462.85,3863.95,4.86,22.92,永和區
捷運頂溪站(中興街),48,121.51526,25.01223,433.49,3640.41,75.56,38.94,永和區
捷運頂溪站(復興街1巷),15,121.51544,25.0131,424.4,3738.81,22.95,60.22,永和區
捷運頭前庄站(1號出口),90,121.4608,25.03953,390.63,3321.36,53.04,108.79,新莊區
捷運鶯桃福德站,75,121.33044,24.96704,369.94,5486.02,8901.99,67.32,鶯歌區
捷運鶯歌車站,34,121.35668,24.95322,803.22,2429.75,6250.41,110.9,鶯歌區
捷運龍埔站,72,121.38461,24.9393,822.71,822.71,4043.38,66.14,三峽區
文丘公園,15,121.44966,25.02365,614.92,1748.67,1404.27,201.94,板橋區
文中一平面停車場,20,121.42845,25.04512,373.86,773.75,1519.19,105.15,泰山區
文中三平面停車場,42,121.43473,25.03739,724.41,1178.14,498.62,463.03,新莊區
文中四公園,20,121.4235,25.1854,390.17,824.45,2920.96,194.0,淡水區
文中小停車場,44,121.48255,25.05899,542.1,5971.39,401.19,166.13,三重區
文化一路一段190巷口,10,121.37905,25.07549,115.84,2063.55,6762.01,119.33,林口區
文化一路一段91巷口,30,121.37217,25.07048,197.59,2906.85,6687.36,49.66,林口區
文化一麗園路2巷口,18,121.37494,25.07222,141.95,2574.91,6688.43,34.69,林口區
文化三四維路口,29,121.37414,25.07979,350.02,2473.27,7446.63,35.13,林口區
文化三路一段203號前,27,121.36246,25.07039,694.52,3827.48,7297.98,76.33,林口區
文化三路一段249巷,15,121.36309,25.07204,634.74,3714.58,7392.98,100.38,林口區
文化三路一段447巷口,15,121.36821,25.07464,528.93,3144.22,7296.21,22.47,林口區
文化二路一段260巷口,14,121.37107,25.07366,221.92,2892.04,7039.51,27.86,林口區
文化二路一段68巷口,21,121.36524,25.06812,913.61,3651.87,6922.95,11.03,林口區
文化北中華路口,19,121.37874,25.09322,1249.9,2434.09,8382.67,188.86,林口區
文化北忠孝一路口,18,121.36119,25.07376,382.34,3855.96,7662.88,164.76,林口區
文化北路一段412巷口,27,121.36492,25.07659,766.83,3431.76,7668.64,56.64,林口區
文化廣場,30,121.36629,25.07294,697.54,3377.33,7263.81,33.2,林口區
文化懷德街口,24,121.47574,25.03359,343.18,3144.16,371.55,40.35,板橋區
文化機車立體停車場,34,121.43881,25.17249,240.77,381.34,821.07,60.59,淡水區
文化白雲公園,76,121.65521,25.05688,488.46,8272.78,3725.51,58.52,汐止區
文化路一段212巷口,20,121.46639,25.02021,200.44,1383.2,285.22,87.04,板橋區
文化路二段182巷1弄,49,121.47241,25.02926,250.62,2558.09,33.83,77.09,板橋區
文化館前路口,44,121.35291,24.94948,725.8,2573.97,6681.5,29.33,鶯歌區
文山國中,25,121.53937,24.95521,206.62,2283.96,343.64,33.41,新店區
文德國小(公館街),52,121.45923,25.02145,439.5,1305.07,836.45,84.02,板橋區
文德新海路口,18,121.46112,25.02353,154.08,1554.53,644.32,50.27,板橋區
文昌公園,15,121.41033,25.15709,1018.29,3248.28,3734.57,34.42,八里區
文林公園,15,121.37525,25.08711,489.17,2459.67,8014.76,112.98,林口區
文林國小,23,121.426,24.9979,85.52,2459.15,2659.63,271.33,樹林區
文林國小(潭興街),44,121.42462,24.99828,215.28,2567.58,2798.41,189.36,樹林區
文聖國小(松柏街50巷),12,121.47611,25.02929,157.72,2774.42,329.78,154.15,板橋區
斬龍山遺址文化公園,64,121.4477,24.97666,144.18,1008.54,409.27,67.67,土城區
新五泰國民運動中心,28,121.43427,25.05582,543.05,2083.01,2545.9,41.61,泰山區
新五路二段299號,26,121.44361,25.08707,730.19,4578.5,2147.17,28.14,五股區
新北大道一段57巷口,15,121.48537,25.06121,276.89,6312.62,559.59,162.12,三重區
新北大道二段139巷,11,121.46662,25.05981,244.89,4887.05,716.63,161.78,三重區
新北大道幸福路口(大道鎏域社區),40,121.43671,25.04934,616.97,1705.19,1815.21,343.85,泰山區
新北大道昌平街口(臨時站),16,121.45474,25.06035,617.43,3893.15,524.72,52.89,新莊區
新北市勞工活動中心,35,121.451,25.0615,827.56,3676.29,883.8,111.58,五股區
新北市客家文化園區,20,121.36034,24.94207,383.9,1650.98,6142.86,21.74,三峽區
新北市工商展覽中心,30,121.44761,25.06433,1085.53,3652.55,1263.23,27.29,五股區
新北市政府(新府路),68,121.4642,25.01245,571.23,599.8,182.34,57.01,板橋區
新北市政府(新站路),74,121.46653,25.01252,471.2,813.1,329.17,70.63,板橋區
新北市政府板橋分局沙崙派出所,16,121.43032,24.98842,101.91,2773.72,1873.94,103.01,板橋區
新北市林口行政園區,56,121.36394,25.07,826.16,3699.63,7166.06,149.26,林口區
新北市立中和高級中學,42,121.4786,24.99424,609.95,2608.83,1662.71,7.36,中和區
新北市立圖書館三重分館,45,121.49553,25.0661,230.74,7269.3,519.08,135.52,三重區
新北市立圖書館五股成功分館,15,121.44685,25.09472,405.63,5091.55,1781.83,144.15,五股區
新北市立圖書館新店分館,35,121.5409,24.98214,369.42,857.31,68.32,118.5,新店區
新北市立圖書館新莊中港分館,13,121.45222,25.04643,323.68,2995.76,888.3,36.88,新莊區
新北市立圖書館樹林東昇分館,20,121.41503,24.98379,365.19,2225.91,2663.87,25.0,樹林區
新北市立圖書館總館,53,121.45569,25.00147,166.11,949.21,405.0,192.21,板橋區
新北市立圖書館鶯歌分館,20,121.34946,24.9572,386.28,3280.93,6947.53,30.97,鶯歌區
新北市立鶯歌高級工商職業學校,56,121.33488,24.93923,113.8,4218.59,8696.97,33.22,鶯歌區
新北市藝文中心,54,121.47251,25.0262,249.81,2281.32,364.14,226.21,板橋區
新北市藝文中心(文化路二段124巷),37,121.4714,25.02563,169.66,2164.64,348.63,189.57,板橋區
新北捷運環狀線南機廠,21,121.52891,24.98343,631.75,1156.67,167.76,151.88,新店區
新北高中,88,121.48953,25.08723,728.68,8491.47,1179.88,27.04,三重區
新北高工,57,121.45054,24.98344,409.44,1279.15,269.42,66.43,土城區
新北高工(學士路),28,121.45277,24.98216,514.99,1047.61,528.1,188.84,土城區
新北高工(明德路),18,121.4515,24.98112,506.69,1009.69,538.18,164.02,土城區
新和活動中心,37,121.52183,24.98677,801.82,1591.56,523.43,178.24,新店區
新和街32巷口,17,121.5192,24.9847,588.33,1253.12,856.74,90.28,新店區
新城一路(守讓堂),15,121.4407,25.08373,278.72,4244.93,2539.63,62.44,五股區
新安永安街94巷口,20,121.52034,24.98446,616.49,1349.62,741.91,200.0,新店區
新安永安街口,20,121.52138,24.98542,763.38,1486.6,645.84,172.0,新店區
新崑公園,30,121.43249,24.99968,401.88,1787.77,2011.55,158.7,板橋區
新市一中山北路口,14,121.44412,25.18296,386.6,1159.36,1639.81,77.16,淡水區
新市一路一段256巷口,21,121.43273,25.18665,1004.25,605.17,2414.68,131.19,淡水區
新市一路一段331巷/義山路一段163巷口(東南側),15,121.43596,25.18731,822.55,807.9,2325.13,129.36,淡水區
新市一路一段99巷口,38,121.43109,25.18796,886.55,390.32,2626.57,95.38,淡水區
新市三崁頂三路口,20,121.43063,25.19691,193.08,687.58,3519.12,202.5,淡水區
新市三崁頂五路口,18,121.42526,25.19897,534.61,971.61,3975.56,40.31,淡水區
新市三義山路口,38,121.4366,25.19569,744.19,932.64,3178.26,221.47,淡水區
新市二後洲路口,16,121.42507,25.19638,421.83,724.8,3741.64,62.45,淡水區
新市二路三段/濱海路二段202巷口,15,121.43482,25.19343,621.09,650.66,2997.47,109.78,淡水區
新市二路三段36巷口,22,121.43302,25.19301,490.03,468.48,3024.55,71.42,淡水區
新市二路二段,26,121.42793,25.19524,140.07,493.22,3481.79,10.47,淡水區
新市二路四段,25,121.44185,25.19254,532.22,1307.15,2724.05,29.03,淡水區
新市二路四段230巷,22,121.44564,25.19087,336.25,1675.86,2513.49,151.15,淡水區
新市五義山路口,60,121.43878,25.19783,990.92,1250.49,3356.23,25.02,淡水區
新市六後洲路口,15,121.4307,25.20285,803.91,1339.03,4123.93,47.95,淡水區
新市國小,29,121.4444464,25.185184906645382,337.1,1388.86,1884.29,127.0,淡水區
新店公有中央市場,42,121.52729,24.97531,367.18,922.37,356.87,185.37,新店區
新店新和國小,36,121.51768,24.98498,521.68,1128.7,785.69,56.21,新店區
新店行政園區,93,121.54205,24.96757,22.45,1054.98,56.48,44.4,新店區
新店高中,47,121.53421,24.97418,272.91,272.91,443.23,68.58,新店區
新店高中(中央路),85,121.53103,24.97508,72.9,547.71,236.48,58.91,新店區
新府區運路口,30,121.46546,25.01016,509.41,643.31,445.79,170.07,板橋區
新春街125巷(樂活?社區),29,121.44155,25.1827,301.11,1041.31,1653.53,85.19,淡水區
新春街125巷(樂活绽社區),29,121.44155,25.1827,301.11,1041.31,1653.53,85.19,淡水區
新月二綠堤街口,21,121.45526,25.02627,111.94,1851.86,1118.6,63.4,板橋區
新月橋,60,121.44982,25.03208,412.81,2607.94,514.06,238.57,新莊區
新林國小,29,121.3595,25.07079,485.74,4100.19,7533.89,139.85,林口區
新樹公園,25,121.43315,25.00338,818.59,1561.89,2019.65,52.57,新莊區
新樹路258巷口,19,121.43269,25.01525,932.53,1757.2,1811.42,15.13,新莊區
新民新春街口,20,121.43567,25.18123,655.85,716.41,1748.42,27.59,淡水區
新民民族路口,20,121.4638,25.0094,474.68,474.68,436.18,94.39,板橋區
新民街120巷,15,121.43834,25.17808,431.86,434.49,1307.8,80.46,淡水區
新民街一段(台北灣社區),21,121.43187,25.18536,859.21,681.84,2344.09,21.02,淡水區
新泰公園,30,121.44495,25.0372,147.9,2194.83,761.51,49.82,新莊區
新泰國中,24,121.44414,25.04316,442.63,2123.65,1131.89,59.49,新莊區
新泰游泳池,40,121.44228,25.04616,60.87,2028.23,1499.92,70.43,新莊區
新泰路255巷口,20,121.4427,25.03936,216.43,1948.41,939.94,281.84,新莊區
新洲擺接堡路口,28,121.43742,24.97781,313.93,2040.09,848.71,161.62,土城區
新海抽水站停車場,13,121.45537,25.02776,61.42,2014.63,962.27,68.36,板橋區
新海長江路口,61,121.45779,25.02788,199.11,2012.53,932.38,130.41,板橋區
新生街112巷口(欽禾社區),40,121.48345,25.00273,626.66,2572.39,635.66,140.29,中和區
新莊勞工中心,26,121.43374,25.02033,709.08,1410.9,1341.64,47.11,新莊區
新莊國民運動中心,52,121.44898,25.03932,414.66,2580.96,484.07,128.96,新莊區
新莊國民運動中心(和興街),12,121.44759,25.03891,434.5,2442.61,568.46,113.82,新莊區
新莊快樂公園,27,121.44355,25.03033,117.42,1982.37,756.73,40.99,新莊區
新莊文化藝術中心,40,121.4445,25.04714,248.8,2275.83,1446.56,86.06,新莊區
新莊棒球場,69,121.44609,25.04138,495.65,2294.88,853.49,40.7,新莊區
新莊棒球場(和興街),37,121.44654,25.04069,460.3,2335.97,769.23,86.72,新莊區
新莊田徑場,42,121.45259,25.04341,395.82,2969.53,790.43,61.66,新莊區
新莊運動公園地下停車場,14,121.44941,25.043,256.05,2645.96,804.97,99.41,新莊區
新莊體育館,47,121.45255,25.04078,601.95,2941.41,497.97,15.89,新莊區
新鳳公園,14,121.32474,24.9732,1048.84,6341.52,9560.22,108.17,鶯歌區
新麗園社區,51,121.37691,25.07005,303.83,2498.36,6378.03,54.5,林口區
日和中華路口,21,121.44283,24.98402,328.46,1848.32,602.08,121.42,土城區
昌平公園,55,121.45811,25.05866,557.73,4074.11,363.82,84.88,新莊區
昌平國小,18,121.45685,25.05658,302.83,3849.02,627.6,230.09,新莊區
昌盛橋,20,121.45317,25.04973,266.64,3194.87,704.11,50.11,新莊區
昌隆國小,46,121.45489,25.05213,156.02,3454.26,574.44,147.4,新莊區
明德平面停車場,10,121.46628,24.98403,122.02,1482.04,1737.65,119.19,土城區
明德路65巷口,15,121.54145,24.9767,384.16,520.59,122.3,178.85,新店區
明德青和街口,31,121.45754,24.97738,858.95,422.03,1243.16,134.23,土城區
明德高中,52,121.36472,24.90742,455.88,3925.79,7878.97,83.75,三峽區
明志國中,57,121.48898,25.0634,148.51,6690.06,444.34,36.4,三重區
明志國小,40,121.42627,25.04573,597.18,710.92,1687.05,48.51,泰山區
明志科技大學,45,121.42255,25.04043,953.96,101.29,1272.3,228.19,泰山區
明志貴鳳街口,17,121.42108,25.03124,352.97,352.97,279.2,133.04,泰山區
春之霖社區,11,121.6625,25.0794,721.39,10622.65,5120.19,74.76,汐止區
時光公園,20,121.47948,25.03622,733.46,3596.18,842.88,135.17,板橋區
普庵寺,23,121.48214,25.08801,203.93,7978.62,868.03,119.29,蘆洲區
景安板南路口,39,121.50424,24.99228,366.94,1390.82,164.54,79.3,中和區
景平橋和路口,15,121.49479,25.00672,1014.3,3227.77,502.17,124.31,中和區
景新國小,14,121.5148,24.98893,99.16,1200.19,363.78,162.54,中和區
景新立體停車場,12,121.51301,24.98985,198.96,1194.87,328.44,55.45,中和區
景本里集會所,15,121.51326,24.98933,136.96,1154.99,351.56,102.11,中和區
望月公園,32,121.45787,25.02997,410.41,2244.93,862.77,113.15,板橋區
東勢宜興活動中心,33,121.62429,25.03881,1180.09,4696.23,1802.47,26.98,汐止區
東南科技大學,18,121.6025,25.0033,1732.08,647.89,2340.34,135.3,深坑區
東大街,15,121.40947,24.97563,849.28,1351.99,2010.65,470.34,樹林區
東方科學園區,63,121.64951,25.06126,637.41,8234.83,3215.17,36.05,汐止區
東明一街121巷,20,121.39018,25.06976,538.51,1499.39,5570.26,89.88,林口區
東明公園(興林路221巷),18,121.39021,25.07195,299.27,1304.79,5768.48,132.26,林口區
東海高中,31,121.47942,25.06484,48.76,6290.42,1118.59,73.1,三重區
東興街,15,121.40999,24.97872,963.76,1509.73,2286.34,185.61,樹林區
東豐街85巷口,12,121.41016,24.97375,933.04,1394.15,1797.02,686.0,樹林區
東陽市民活動中心,30,121.41224,24.98205,631.8,1884.9,2545.6,69.23,樹林區
東順街36巷口,11,121.41149,24.97831,858.07,1631.95,2181.95,236.16,樹林區
松柏公園,10,121.37942,25.09129,1090.85,2260.46,8164.17,233.28,林口區
松柏街15巷口,20,121.4742,25.0296,204.76,2688.17,150.31,92.25,板橋區
松柏街50巷90弄口,12,121.47621,25.02833,216.87,2697.72,386.14,183.67,板橋區
板南立言街口,50,121.48791,25.00655,803.17,2923.96,307.7,95.31,中和區
板南路492號,29,121.48582,25.00754,663.43,2703.08,193.32,89.91,中和區
板新中山路一段口,15,121.47161,25.01491,524.42,1388.82,76.49,68.49,板橋區
板林溪北路口,57,121.42636,24.99057,444.91,2882.39,2315.31,19.17,板橋區
板樹體育館,15,121.42758,24.9822,388.26,3127.2,1879.81,45.99,板橋區
板橋435藝文特區,18,121.45269,25.02396,440.42,1659.88,1340.48,164.85,板橋區
板橋435藝文特區(環河西路),12,121.4506,25.02473,533.72,1815.34,1269.24,238.98,板橋區
板橋中山公園,34,121.47109,25.02336,97.79,1943.47,239.99,55.04,板橋區
板橋仁愛公園,51,121.45971,24.99601,418.49,1520.2,759.38,167.24,板橋區
板橋信義公園,55,121.45622,24.99625,581.05,1511.52,445.75,148.44,板橋區
板橋公車站,60,121.4621,25.01269,361.83,451.88,74.27,19.89,板橋區
板橋和平公園,54,121.46427,24.99766,169.32,1433.55,1156.79,17.15,板橋區
板橋四維公園,67,121.46319,25.02452,188.92,1701.89,408.69,25.16,板橋區
板橋國中,62,121.45437,25.02499,263.47,1726.96,1240.21,76.63,板橋區
板橋國小,18,121.45799,25.01035,65.04,65.04,164.93,132.08,板橋區
板橋國民運動中心,42,121.45815,25.02224,438.3,1385.74,946.38,71.83,板橋區
板橋地政事務所,61,121.46333,25.00841,448.81,448.81,390.37,26.31,板橋區
板橋戶政事務所,44,121.45646,25.01309,225.95,393.39,504.72,25.77,板橋區
板橋戶政事務所海山辦事處,50,121.47038,25.01182,169.57,1161.63,349.76,123.36,板橋區
板橋果菜批發市場,26,121.45004,25.02113,408.95,1486.76,1472.5,88.91,板橋區
板橋真武廟,20,121.48594,25.02046,441.71,2958.79,1351.82,121.14,板橋區
板橋福德公園,47,121.46734,25.01156,349.09,856.61,462.56,97.83,板橋區
板橋第一運動場,46,121.46799,25.00914,285.07,897.89,707.53,62.63,板橋區
板橋第二運動場(皇翔建設),32,121.45897,25.01387,178.36,467.17,295.53,31.88,板橋區
板橋車站,95,121.463735,25.015519,514.59,800.74,58.17,85.4,板橋區
板橋車站(新站路),28,121.46438,25.01529,488.75,820.77,24.55,155.15,板橋區
板橋重慶公園,38,121.463,25.0001,135.82,1134.46,1012.82,148.89,板橋區
林口仁愛公共托育中心,18,121.37412,25.07209,75.56,2657.0,6721.87,88.7,林口區
林口區停三停車場,13,121.38918,25.0788,277.92,982.29,6466.35,27.54,林口區
林口區公所,29,121.38818,25.07674,276.16,1150.56,6325.46,68.7,林口區
林口吉祥公園,29,121.37576,25.08027,356.35,2308.23,7382.48,106.84,林口區
林口國小,24,121.389,25.0805,90.58,974.68,6638.11,35.04,林口區
林口國民運動中心,32,121.38093,25.08601,725.91,1876.99,7587.73,29.5,林口區
林口國民運動中心(文化三路),20,121.37961,25.08712,751.0,2042.8,7764.02,65.02,林口區
林口夜市(中山路),11,121.38689,25.07914,292.26,1201.37,6620.18,9.47,林口區
林口婦幼公園,28,121.37752,25.07231,319.92,2331.64,6558.69,154.52,林口區
林口廣停一停車場,18,121.3722,25.07534,260.22,2735.11,7129.89,104.87,林口區
林口新創園,40,121.37609,25.07583,199.54,2341.32,6968.61,27.0,林口區
林口東湖國小,15,121.38195,25.07713,150.92,1733.69,6721.82,103.0,林口區
林口社區運動公園,30,121.37694,25.07411,240.52,2312.86,6760.41,23.49,林口區
林口社區運動公園(公園路),47,121.37429,25.07447,179.45,2555.48,6934.25,151.1,林口區
林口老街,17,121.39378,25.07715,223.39,640.81,6077.58,134.13,林口區
林口自強公園,20,121.397,25.0781,159.86,347.69,6026.64,30.6,林口區
林口轉運站,99,121.36123,25.06687,513.52,4078.17,7100.67,42.84,林口區
林口郵局,25,121.36453,25.06667,845.93,3782.18,6852.81,17.4,林口區
林口高中,31,121.3803,25.07384,87.67,2007.09,6540.62,60.17,林口區
林口高中(四維路),23,121.38159,25.07386,133.04,1887.08,6459.02,56.42,林口區
林建生紀念圖書館,37,121.46988,25.08843,300.83,7145.98,417.3,40.23,蘆洲區
林本源園邸,40,121.45598,25.01086,222.63,222.63,355.57,91.4,板橋區
柑園五里聯合活動中心,25,121.38646,24.95096,1066.65,1481.6,3336.1,20.21,樹林區
柑園國小,14,121.38966,24.95615,1078.34,2003.5,2909.71,63.02,樹林區
柑園街一段51巷口,18,121.40316,24.96029,391.89,1583.11,1533.67,86.98,樹林區
柑園街二段363巷口,12,121.36809,24.94909,10.05,1246.68,5184.87,456.73,樹林區
柳堤公園,41,121.46219,25.08799,119.72,6446.12,450.83,109.23,蘆洲區
柴埕市民活動中心,30,121.51648,24.96678,1034.69,1729.29,1463.16,9.41,新店區
格致中學,24,121.48907,25.07403,239.02,7628.88,391.41,169.21,三重區
森林公園,30,121.37975,24.94819,418.77,855.47,4071.86,5.44,樹林區
楓樹腳公園,20,121.43498,25.062,845.42,2721.39,2497.87,24.56,泰山區
榮富國小,26,121.44659,25.05172,415.01,2683.11,1377.02,163.2,新莊區
樂活公園,14,121.37612,25.06705,188.03,2740.16,6145.7,128.35,林口區
樂活公園(文化一路),26,121.36922,25.06722,564.06,3330.25,6584.49,122.5,林口區
樟樹一山光路口,30,121.64286319301776,25.070296258183784,310.71,8640.98,2901.77,37.71,汐止區
樟樹國小,50,121.64039,25.06693,106.5,8191.4,2538.56,65.7,汐止區
樟樹國小(樟樹一路145巷口),20,121.6424,25.06735,149.29,8341.6,2745.77,55.77,汐止區
樟江大橋,13,121.64481,25.07578,859.32,9261.09,3355.29,12.23,汐止區
樹林區公所,37,121.42477,24.98976,439.84,3062.63,2451.41,35.78,樹林區
樹林區第三平面停車場,13,121.41107,24.98928,675.3,2330.69,3349.73,454.31,樹林區
樹林國小,24,121.41765,24.98886,46.43,2770.33,3060.04,98.04,樹林區
樹林國民運動中心,25,121.42285,25.0042,769.89,2556.09,2246.46,44.54,樹林區
樹林大安活動中心,44,121.41489,24.98636,434.14,2379.41,2947.51,48.36,樹林區
樹林大安站,66,121.42181,24.99738,507.73,2867.17,2870.76,106.66,樹林區
樹林工業區,33,121.41608,25.00088,568.07,3263.55,2319.81,16.86,樹林區
樹林火車站(後站),65,121.42417,24.9917,363.06,2976.09,2561.21,46.18,樹林區
樹林藝文綜合行政大樓,39,121.42949,24.99602,229.8,2260.51,2260.69,159.94,樹林區
樹林藝文綜合行政大樓停車場,18,121.42853,24.99636,275.89,2320.17,2363.0,98.72,樹林區
橋東里(忠孝東路),36,121.66626,25.07368,467.14,10388.28,5246.24,15.38,汐止區
櫻花水車公園,15,121.50125,25.25119,755.52,228.31,10792.44,89.56,三芝區
正和中正路口,12,121.47059,25.08287,387.57,6741.75,379.76,20.96,蘆洲區
正德國中,40,121.44787,25.17851,609.45,608.9,1163.74,33.31,淡水區
正義公園,48,121.49782,25.06855,142.77,7621.17,258.83,91.11,三重區
正義國小地下停車場,13,121.49491,25.06492,211.15,7124.53,561.21,204.08,三重區
民享中山路口,12,121.38138,25.08203,351.96,1746.42,7196.0,85.64,林口區
民享藝文特區,50,121.47529,25.00354,382.55,1768.27,1045.05,131.12,中和區
民安國小(東側),17,121.42873,25.02259,206.11,896.27,920.63,191.52,新莊區
民安東民全街口,25,121.42956,25.02077,291.88,1112.35,1129.35,67.08,新莊區
民安西路252巷,15,121.42485,25.01372,690.02,1741.78,1579.37,122.23,新莊區
民安西路468巷口,25,121.43176,25.00796,1191.7,1630.88,2325.95,15.09,新莊區
民安西路88巷口,18,121.42703,25.01912,296.55,1181.49,1158.71,47.58,新莊區
民德立體停車場,32,121.46836,24.99909,483.71,1501.7,1402.39,87.74,中和區
民德路口,15,121.46885,25.00203,393.88,1298.97,1215.93,10.4,中和區
民族二街明峰街口,22,121.63502,25.07105,531.13,8313.22,2240.35,50.82,汐止區
民族仁愛路口,17,121.37068,25.07951,490.52,2822.85,7602.25,55.27,林口區
民族忠孝路口,14,121.36496,25.07484,744.4,3459.97,7512.58,70.52,林口區
民族街78巷口,11,121.36986,24.93021,258.25,1384.51,5841.17,24.61,三峽區
民族路225巷,13,121.46995,25.00779,284.78,1113.27,779.26,134.87,板橋區
民族路257巷/民族路327巷,39,121.47515,25.09021,265.15,7648.21,533.47,117.88,蘆洲區
民族路314巷口,14,121.47707,25.0902,423.5,7780.57,619.06,31.98,蘆洲區
民族路33巷,12,121.46346,25.13604,557.63,4410.67,390.5,141.67,淡水區
民有公園,48,121.47468,25.00863,459.13,1574.35,697.58,248.19,中和區
民樂人行廣場,42,121.48265,25.00184,507.61,2527.97,746.26,69.75,中和區
民樂停車場,20,121.48391,25.00134,505.82,2666.34,748.4,86.31,中和區
民權二十張路口,14,121.53966,24.98291,518.06,877.74,123.58,9.95,新店區
民權社區活動中心,35,121.51968,24.99778,426.65,2292.55,737.03,23.76,永和區
民權路3巷12弄口,21,121.46151,25.14288,323.79,3631.62,683.85,209.74,淡水區
民治街81巷,16,121.48005,25.03223,364.92,3278.59,681.48,185.68,板橋區
民生中山路口,29,121.47346,25.01606,425.36,1612.13,215.0,81.53,板橋區
民生公園,50,121.47542,25.01368,497.27,1704.0,335.57,19.07,板橋區
民生縣民大道口(東南側),22,121.47166,25.01862,423.63,1610.09,462.44,82.86,板橋區
民生親子公園,20,121.42819,24.99298,456.71,2568.63,2224.41,80.65,樹林區
民生路156巷,31,121.52751,24.98202,842.2,1150.08,272.77,51.76,新店區
民生路二段/文化路一段286巷口,13,121.46885,25.02132,324.58,1625.87,119.11,59.24,板橋區
民生路二段226巷8弄,21,121.46996,25.02151,332.87,1712.0,195.44,72.18,板橋區
民生長江路口,99,121.46346,25.03134,572.66,2449.3,672.43,90.08,板橋區
民義公園,20,121.43474837941864,25.0881901704169,661.62,3724.15,3000.19,77.99,五股區
民視數位媒體總部,30,121.37925,25.07987,444.51,1958.84,7128.99,12.13,林口區
水之公園,18,121.48411,25.013,111.06,2547.36,510.36,87.91,中和區
水柳腳立體停車場,23,121.71021,24.93555,190.13,4839.34,14870.12,34.03,坪林區
水河里活動中心,31,121.47448,25.09345,205.88,7762.15,873.82,210.66,蘆洲區
水湳洞停車場,20,121.86443,25.12221,442.5,24155.76,25880.54,50.82,瑞芳區
水源路29巷/光華街口,11,121.50429,25.00414,231.97,2685.87,700.42,88.86,中和區
水漾成功一街口,32,121.48557,25.05004,776.46,5221.43,630.24,80.49,三重區
水碓立體停車場,15,121.44423,25.17865,267.63,713.08,1161.72,16.09,淡水區
水管公園,15,121.42059,25.19366,897.26,898.37,3775.9,22.91,淡水區
水興公,15,121.42509,25.16208,582.38,1790.24,2150.9,30.33,八里區
水蓮山莊,22,121.6301,25.07797,808.12,8796.98,2192.56,39.2,汐止區
水返腳公園,28,121.65901,25.06813,98.96,9440.28,4343.09,87.51,汐止區
永吉國小,20,121.33308,24.95865,159.17,4812.42,8595.06,97.17,鶯歌區
永和勵行街口,10,121.51583,25.01455,450.84,3904.68,53.17,28.75,永和區
永和區公所公有新生市場,12,121.50704,25.01402,439.02,3761.82,847.33,70.82,永和區
永和國中(國中路),15,121.52269,25.00674,120.86,3310.97,1002.99,90.63,永和區
永和國小,42,121.51744,25.00227,298.22,2639.67,652.92,23.33,永和區
永和國民運動中心,53,121.52407,25.00317,211.82,3035.38,1323.91,26.49,永和區
永和國父紀念館,30,121.52023,25.00839,172.07,3375.91,697.46,44.37,永和區
永和耕莘醫院,32,121.5177,25.01123,222.82,3592.05,295.53,137.79,永和區
永和自由街,32,121.51334,25.0052,293.53,2835.74,395.1,72.58,永和區
永和街65巷口,37,121.3331413,24.96798,82.67,5314.84,8641.96,15.27,鶯歌區
永安兒童公園,40,121.48224,25.08227,436.09,7573.52,272.55,163.68,蘆洲區
永安公園,64,121.47776,25.02418,404.48,2477.66,802.1,3.0,板橋區
永安南路九芎街71巷口,29,121.46607,25.07756,413.67,6002.9,1124.88,39.16,蘆洲區
永安南路二段16巷口,10,121.46765,25.07702,267.74,6077.01,1090.84,159.73,蘆洲區
永安圖書館,31,121.46223,25.0786,520.55,5817.1,1317.83,6.8,蘆洲區
永安橋下停車場,14,121.44905,25.07978,1112.89,5075.08,2035.44,648.1,五股區
永安長安街131巷口,14,121.4596,25.08033,257.93,5790.27,1327.55,54.3,蘆洲區
永平休閒廣場,15,121.5161,24.98432,491.57,953.71,845.88,84.67,新店區
永平公園,26,121.45942,25.08999,400.58,6201.93,530.58,19.39,蘆洲區
永平公園(東南側),21,121.45909,25.08985,426.58,6166.61,567.26,49.11,蘆洲區
永平街23巷,18,121.51604,24.98316,390.8,893.22,945.19,71.05,新店區
永平高中,40,121.50909,25.00979,82.97,3293.23,724.77,67.46,永和區
永康公園,39,121.45821,25.08492,290.49,6013.28,969.04,4.93,蘆洲區
永德市民活動中心,20,121.48842,25.07285,185.83,7507.28,462.65,102.79,三重區
永成市民活動中心,12,121.5101,25.0173,195.98,4132.24,638.22,117.86,永和區
永昌里兒一公園,20,121.33959628800724,24.956649374562204,53.74,4122.35,7943.47,55.93,鶯歌區
永盛公園,45,121.4843,25.07613,542.53,7341.47,217.3,118.76,三重區
永福國小,33,121.48032,25.07771,300.79,7112.15,291.71,102.75,三重區
永福國小(永福街72巷),31,121.47985,25.07657,166.76,6999.45,415.1,95.89,三重區
永福橋,70,121.52418,25.01003,382.13,3705.26,939.02,90.94,永和區
永翠藝文街口(大禾社區),44,121.45029,25.01801,377.36,1183.31,1275.4,35.66,板橋區
永翠藝文街口(柏克萊公園社區),45,121.45066,25.01811,339.0,1175.31,1246.2,6.07,板橋區
永豐公園活動中心,32,121.47685,25.02113,70.97,2196.16,859.05,141.21,板橋區
永豐路157巷口,21,121.46709,24.98171,371.03,1349.91,1871.81,67.05,土城區
永貞水源街口,12,121.5117,25.00492,454.23,2777.07,292.6,120.94,永和區
汐止公園,10,121.65964,25.06781,110.64,9456.54,4391.76,37.51,汐止區
汐止區公所,32,121.6583,25.06416,283.43,9067.52,4149.92,88.55,汐止區
汐止區綜合運動場,34,121.65907,25.06624,121.58,9289.23,4284.79,100.3,汐止區
汐止區農會附設老人活動中心,16,121.64241,25.09705,1767.63,11237.53,4288.64,17.92,汐止區
汐止國小,18,121.65433,25.06612,89.05,8961.11,3824.97,33.57,汐止區
汐止國民運動中心,12,121.65693,25.06538,277.24,9072.97,4051.13,81.84,汐止區
汐止國民運動中心游泳池(忠孝東路),12,121.65726,25.06416,350.2,8995.72,4048.19,57.04,汐止區
汐止火車站,56,121.66275,25.06891,431.14,9759.24,4727.62,16.51,汐止區
汐止火車站停車場,99,121.66168,25.06795,288.83,9607.65,4591.94,130.23,汐止區
汐科火車站(北),76,121.65294,25.06426,162.18,8713.05,3630.51,67.17,汐止區
汐科火車站(南),77,121.64684226184237,25.06274482486429,693.36,8191.36,2993.65,29.19,汐止區
汐萬康寧街口,13,121.65023,25.07479,852.03,9469.79,3783.69,71.17,汐止區
汐萬抽水站,9,121.64843,25.0827,86.11,10107.59,4063.48,57.49,汐止區
汐萬路一段343巷,16,121.64971,25.07716,584.48,9657.63,3858.8,65.63,汐止區
江北二橋,32,121.65297,25.06997,499.69,9204.36,3849.18,68.3,汐止區
江翠國中,36,121.46848,25.02858,62.77,2305.36,319.15,230.6,板橋區
江翠國中活動中心地下停車場,19,121.46623,25.02838,252.75,2201.01,258.14,88.13,板橋區
江翠國小,43,121.47431,25.03236,145.74,2952.03,176.64,101.82,板橋區
沙崙新民街口,21,121.4296,25.18832,826.93,294.39,2744.66,23.97,淡水區
沙崙路151巷口,26,121.42386,25.18345,170.41,976.57,2755.69,80.63,淡水區
沙崙路216巷口,20,121.42508,25.18428,273.54,835.22,2719.24,24.12,淡水區
沛陂社區公園,28,121.41969877977414,24.963262311576905,1096.23,2596.55,335.47,93.5,土城區
河邊北街100巷口,20,121.50404,25.07043,537.88,8132.93,739.46,194.1,三重區
泰山國小,20,121.43119,25.06252,650.37,2635.55,2881.11,64.2,泰山區
泰山體育館,15,121.42766,25.05513,246.06,1747.61,2584.44,287.69,泰山區
泰山高中,20,121.42886,25.058,95.68,2087.07,2861.12,187.72,泰山區
浮洲合宜住宅(合安一合宜路口),58,121.44863,24.99849,471.22,1013.57,379.65,61.68,板橋區
浮洲合宜住宅(合安一路),34,121.4465,24.99946,343.78,914.88,608.39,63.08,板橋區
浮洲合宜住宅(合宜一合宜路口),22,121.44602,24.99536,801.66,1372.9,717.82,83.15,板橋區
浮洲合宜住宅(合宜一路),57,121.44276,24.99652,796.99,1336.35,989.23,139.77,板橋區
浮洲合宜住宅(樂群路),48,121.44642,24.99702,613.45,1184.56,616.85,93.85,板橋區
浮洲火車站,46,121.44425,25.0041,339.45,536.88,1017.33,31.09,板橋區
浮洲運動公園,14,121.4498,25.01419,343.53,758.15,1080.01,31.62,板橋區
海山高中,80,121.47149,25.00911,164.92,1250.19,602.8,54.47,板橋區
海山高中(漢生東路),40,121.47048,25.01067,41.3,1152.23,459.38,35.98,板橋區
海洋公園,25,121.37676,24.94776,208.9,749.5,4374.26,41.05,三峽區
淡水中正路停車場,24,121.43586,25.17308,191.16,191.16,1108.19,17.13,淡水區
淡水公23公園,20,121.42891,25.19985,457.07,994.3,3888.64,34.21,淡水區
淡水國民運動中心,36,121.44326,25.1865,205.86,1492.47,2040.04,21.15,淡水區
淡水新市鎮兒童公園,15,121.44227,25.18509,390.43,1307.03,1898.81,130.98,淡水區
淡水老街廣場,28,121.44428,25.16891,607.33,571.12,142.31,70.88,淡水區
淡水行政中心,10,121.44407,25.18696,137.65,1577.63,2083.67,5.57,淡水區
淡水轉運站,50,121.42153,25.17915,411.76,1507.36,2698.95,73.8,淡水區
淡江大學(水源街),29,121.45236,25.17457,267.13,502.95,983.71,53.09,淡水區
淡江大橋橋管中心,40,121.42002,25.17964,493.52,1543.92,2859.27,179.47,淡水區
淡江教會文教中心,15,121.42311,25.19548,613.87,779.63,3772.82,94.93,淡水區
淡海路182巷口,15,121.42044,25.18459,479.49,1110.33,3107.31,43.26,淡水區
淡蘭吊橋,14,121.65159,25.0057,506.83,5103.16,6343.42,3.22,石碇區
淡金路38巷尾,10,121.4579,25.16083,224.64,1704.41,698.13,33.54,淡水區
深坑區公所(深坑老街),30,121.61631,25.0015,328.51,2048.65,3682.3,92.87,深坑區
深坑國中,13,121.61889,25.00167,71.74,2301.31,3942.92,175.54,深坑區
深坑松柏街,34,121.63852,25.01096,1032.67,4300.58,5210.96,49.17,深坑區
深坑雲鄉路,12,121.62101,24.99988,229.45,2549.39,4142.47,34.22,深坑區
深澳漁港,30,121.81857,25.12997,2189.16,21687.18,21795.71,3.9,瑞芳區
深澳鐵道自行車八斗子站,15,121.80548,25.13417,2493.21,21305.59,20750.01,59.62,瑞芳區
淺水灣,48,121.47131,25.25232,2637.6,3140.6,9700.31,63.36,三芝區
添福里(添福15號之33),16,121.37254,24.90475,512.41,4054.53,7593.53,81.85,三峽區
清和里(青雲路),37,121.45874,24.97513,1005.11,235.48,1367.25,71.95,土城區
清水社區公園,42,121.46353,24.98382,193.06,1306.85,1468.19,24.37,土城區
清水高中,46,121.46547,24.982,289.62,1256.95,1705.98,16.14,土城區
清水高中(國際路),13,121.46498,24.98034,474.04,1090.25,1715.94,21.27,土城區
渡船頭平面停車場,33,121.43527,25.15687,1290.34,1994.45,1580.83,191.05,八里區
港嘴活動中心,20,121.4814,25.02578,597.53,2873.73,980.39,106.95,板橋區
港德攤集區(中正路236巷),20,121.4597,25.01975,573.84,1122.45,660.98,106.61,板橋區
湖光市民活動中心,16,121.63362,25.06849,460.45,7995.68,1974.2,129.68,汐止區
湖北市民活動中心,10,121.3867,25.09612,1664.68,2083.63,7824.78,9.88,林口區
湖南市民活動中心,26,121.37432,25.08428,161.06,2482.07,7820.84,33.55,林口區
湖子和福宮,15,121.38847,25.0926,1261.66,1663.24,7632.81,268.74,林口區
湳仔二橋,15,121.45192,25.00118,218.97,817.31,258.58,200.27,板橋區
湳仔溝抽水站,15,121.44828,25.02184,602.92,1585.6,1632.42,197.04,板橋區
湳雅夜市停車場,10,121.45345,25.00557,500.53,598.81,653.2,278.72,板橋區
湳雅觀光夜市(津渡橋),56,121.45231,25.0079,441.89,441.89,685.02,154.98,板橋區
溪北公園,42,121.43224,24.98999,171.99,2516.0,1727.37,16.65,板橋區
溪城金門街口,16,121.4269,24.98356,333.34,3241.0,2045.14,23.27,板橋區
溪墘公園,36,121.47621,25.07997,591.53,6941.18,371.46,170.42,蘆洲區
溪尾街(國道橋下),15,121.49151,25.07486,342.75,7888.1,549.46,78.08,三重區
溪尾街196巷/仁美街口,18,121.48587,25.0802,752.78,7727.43,362.91,162.71,三重區
溪東市民活動中心,20,121.40753,24.93192,587.66,3271.61,3197.42,131.47,三峽區
溪洲公園停車場,40,121.42686,24.98698,459.21,3124.33,2199.24,45.99,板橋區
溪洲原住民族生活文化園區Cinemnemay,21,121.52834,24.96826,732.51,1152.38,424.04,432.57,新店區
溪頭公園,58,121.46852,25.03312,443.22,2774.9,464.11,78.68,板橋區
滬尾藝文休閒園區,28,121.42851,25.17594,764.76,764.76,1911.08,11.05,淡水區
漁人碼頭,55,121.41118,25.18387,1328.2,1955.04,3865.21,66.67,淡水區
漢生東路193巷口,19,121.47128,25.01225,230.22,1260.53,266.35,199.24,板橋區
漳和國中,65,121.50505,25.00244,111.71,2488.91,595.82,216.35,中和區
潤泰社區,35,121.47938,25.01795,221.16,2241.44,818.24,12.58,板橋區
潭底溝休憩廣場,10,121.42636,25.02191,55.02,864.66,848.23,63.7,新莊區
澳底公園,20,121.92559,25.05349,395.05,25440.84,30958.36,70.94,貢寮區
濱海路一段111巷口(西側),29,121.43945,25.18928,480.73,1068.47,2414.71,34.66,淡水區
濱海路一段306巷60弄,14,121.44198,25.19157,430.18,1309.65,2615.41,101.98,淡水區
濱海路一段306巷9弄,15,121.43858,25.191,634.7,965.53,2622.12,46.34,淡水區
濱海路一段370號,22,121.43942,25.18962,494.41,1059.73,2452.07,52.1,淡水區
濱海路二段/濱海路二段202巷,15,121.4347,25.19015,832.65,581.22,2665.14,37.21,淡水區
濱海路二段202巷,15,121.43477,25.19162,724.12,587.47,2812.45,155.82,淡水區
濱湖大第(康寧街),20,121.63758,25.07225,552.17,8553.54,2529.49,57.1,汐止區
烏來公車總站,15,121.55139,24.86652,283.23,9959.6,10249.39,24.58,烏來區
烏來老街,28,121.55168,24.86493,114.45,10132.24,10428.52,190.56,烏來區
烏塗窟聚福宮,15,121.6562,24.97551,1711.75,3274.27,8092.81,110.69,石碇區
烘爐地山下籃球場,14,121.4987,24.9798,780.9,918.6,1509.49,14.88,中和區
片仔溝公園,20,121.40581,25.1502,693.71,4088.14,4445.2,101.57,八里區
牡丹車站,60,121.8518644,25.0590226,2715.89,18944.31,23534.13,7.68,雙溪區
狀元公園,20,121.41036,25.1545,1172.63,3428.22,3831.71,230.06,八里區
猴硐火車站,60,121.82719,25.08647,2505.02,18707.66,21325.31,60.03,瑞芳區
獅子公園,20,121.70565,25.17489,1613.02,10605.27,14507.51,1173.76,萬里區
獅子頭山水匯集廣場,25,121.45769,25.11171,1793.53,6863.37,1787.06,321.45,五股區
獇寮公園,12,121.41264,25.00694,202.84,2739.24,1594.59,24.0,樹林區
玫瑰公園,14,121.45544,25.02373,394.69,1569.82,1178.99,106.18,板橋區
瑞峰橋,44,121.81041,25.10712,209.34,19185.88,20188.99,7.17,瑞芳區
瑞芳棒球場,25,121.81884,25.10666,426.02,19701.42,20990.21,92.36,瑞芳區
瑞芳火車站,28,121.8065,25.10851,85.09,19057.1,19857.23,69.86,瑞芳區
瑞芳運動公園,12,121.82177,25.10284,643.83,19587.54,21164.7,43.92,瑞芳區
環河公園,44,121.45064,25.01666,437.27,1045.3,1183.08,164.93,板橋區
環河民樂街59巷26弄口,15,121.52844,24.99798,415.26,2618.19,883.15,56.44,永和區
環河福德南路口,28,121.50217,25.06029,382.34,7107.15,353.19,236.71,三重區
環河西大漢街口,46,121.4612,25.03183,647.67,2473.12,805.29,174.71,板橋區
環河西新月一街口(新月天地社區),38,121.453,25.0267,220.5,1943.53,1036.89,87.5,板橋區
環河西華江六路口(翠亨村社區),40,121.4709,25.03609,590.16,3169.25,585.08,216.94,板橋區
環河西路一段95巷口,35,121.51196,25.01783,228.95,4205.6,533.24,236.14,永和區
環河西路三段(日安社區),32,121.49321,25.00774,1051.27,3397.55,440.4,14.81,中和區
環河西路二段217巷口,17,121.50109,25.01016,510.78,3399.82,997.96,116.56,永和區
瓊林公園,30,121.44244,25.02629,564.87,1898.59,934.55,94.62,新莊區
瓊林南路101巷口,33,121.4343,25.01258,1266.95,1482.4,2148.47,9.52,新莊區
瓊泰市民活動中心,15,121.44312,25.02926,229.91,1936.16,769.55,29.64,新莊區
瓦?截流站,11,121.49972,25.009,604.79,3304.81,821.98,72.41,永和區
瓦?溝(福真里),41,121.49439,25.00402,712.16,2974.07,291.96,213.76,中和區
瓦磘截流站,11,121.49972,25.009,604.79,3304.81,821.98,72.41,永和區
瓦磘溝(福真里),41,121.49439,25.00402,712.16,2974.07,291.96,213.76,中和區
生態北公園,18,121.45643,24.99952,294.38,1149.79,365.87,163.63,板橋區
生態南公園,18,121.45504,24.99602,573.59,1471.55,364.73,162.5,板橋區
田單北街/懷德街201巷(一川社區),40,121.48186,25.03025,437.13,3239.81,853.66,198.75,板橋區
疏洪東竹圍仔街口,25,121.4864,25.04861,919.15,5129.73,803.44,49.56,三重區
登龍平面停車場,32,121.45654,25.03662,147.43,2987.25,412.56,12.1,新莊區
白沙灣,56,121.52209,25.28549,2368.08,4124.62,15141.17,59.83,石門區
白雲國小,43,121.61889,25.04758,72.42,5250.66,721.64,34.45,汐止區
直潭活動中心,15,121.53329,24.93893,394.62,2586.6,2146.72,172.78,新店區
直潭淨水廠(直潭二街),15,121.53536,24.9431,215.11,2655.75,1654.22,339.39,新店區
石碇,23,121.65891,24.99139,47.17,3541.86,7995.47,13.92,石碇區
石碇高中,18,121.64372,25.01217,583.14,4839.31,5320.56,33.13,石碇區
石門婚紗廣場,17,121.53101,25.28747,1447.44,4794.76,15801.01,55.4,石門區
石門風箏公園停車場,25,121.54766,25.290158,259.25,6145.65,17008.77,204.3,石門區
石雕公園,34,121.46947,25.03026,153.0,2516.68,246.27,261.01,板橋區
矽谷園區,48,121.63447,25.06227,397.28,7436.1,1804.44,75.53,汐止區
碧河宮,46,121.49314,24.99665,141.84,2351.89,704.62,83.25,中和區
碧河里公園(建康路),16,121.49171,25.00013,343.05,2746.59,534.5,276.53,中和區
碧潭大橋(溪洲路6巷),12,121.53426,24.96061,668.95,1678.67,454.85,195.44,新店區
碧潭渡船頭,26,121.53746,24.9531,14.08,2501.48,527.2,294.02,新店區
碧潭西岸,37,121.5348,24.95656,483.03,2121.04,314.33,71.09,新店區
碧華公園,36,121.48749,25.08374,581.72,8091.71,758.03,47.87,三重區
碧華公園(集勇街),36,121.48554,25.08415,390.29,7963.9,655.33,222.23,三重區
碧華國中(三賢街),30,121.48832,25.08861,655.39,8493.15,1205.98,44.77,三重區
礫間停車場,20,121.35445,24.9518,823.96,2541.1,6491.56,183.2,鶯歌區
神農興德路口(恆美社區),40,121.47427,25.05333,563.63,5089.68,815.88,234.92,三重區
神農街/光復路二段129巷口,26,121.47409,25.05899,806.7,5532.76,1012.41,193.66,三重區
福和國中,63,121.52093,25.00595,185.22,3154.51,951.49,43.21,永和區
福和國中(永利路),22,121.52033,25.00432,232.14,2964.69,968.51,131.64,永和區
福和國中停車場,48,121.52267,25.00501,208.17,3139.74,1141.65,147.49,永和區
福和宮,57,121.50195,25.00111,234.26,2399.16,563.65,110.05,中和區
福和橋,41,121.52785,25.00454,458.53,3334.75,1100.2,67.87,永和區
福和自強街28巷口,19,121.51572,25.00725,287.04,3112.26,628.45,119.49,永和區
福和路7巷口,35,121.52473,25.00854,239.25,3583.75,1056.3,89.7,永和區
福基公園,40,121.46086,25.05816,465.37,4287.81,394.0,151.13,新莊區
福壽公園,46,121.45758,25.05151,220.93,3680.17,300.83,31.32,新莊區
福壽昌智路口,30,121.45804,25.05614,358.93,3931.78,627.9,181.08,新莊區
福德一路201巷口(福德ONE社區),37,121.6351,25.06575,629.58,7801.56,1991.14,26.87,汐止區
福德一路392巷41弄口,20,121.62637,25.06314,493.01,7136.86,1065.16,56.11,汐止區
福德一路392巷口,20,121.62754,25.06098,321.98,6972.39,1124.38,35.41,汐止區
福德二街35號,15,121.4623,25.05719,328.04,4367.59,548.9,316.57,新莊區
福德二路19巷口,12,121.63533,25.06841,550.5,8070.24,2123.78,40.83,汐止區
福慧新知八路口,20,121.45519,25.06204,807.51,4041.64,464.75,246.05,新莊區
福民市民活動中心,15,121.53305,24.97293,282.52,450.7,313.83,97.88,新店區
福營國中,15,121.42198,25.02532,81.5,489.32,385.85,120.41,新莊區
福營行政中心,43,121.42387,25.02413,153.5,581.64,528.19,49.69,新莊區
福祥永和路口,11,121.49938,25.00365,499.6,2742.63,332.2,65.77,中和區
福祥里(中和溝),39,121.49957,25.00593,620.9,2979.35,516.95,159.27,中和區
福祿1號公園,15,121.4638,25.06386,686.92,4866.68,479.19,139.53,新莊區
福美公園,45,121.46106,25.05503,544.95,4152.86,553.02,113.5,新莊區
福順街,13,121.41555,24.97913,497.1,2047.84,2145.52,174.69,樹林區
秀山公園(北側),14,121.52327,24.99592,307.54,2342.42,621.45,104.09,中和區
秀山國小,70,121.52192,24.99612,242.77,2271.45,691.1,65.93,中和區
秀峰國小(仁愛路106巷),16,121.66294,25.06266,139.12,9279.42,4572.9,96.72,汐止區
秀峰高中(忠孝東路),16,121.66172,25.06635,139.74,9481.65,4544.75,20.68,汐止區
秀得里(成功路二段),28,121.52673,25.00071,261.91,2960.9,1139.51,85.89,永和區
秀朗國小,48,121.52278,24.99896,189.21,2575.2,961.23,11.17,永和區
秀朗成功路口,51,121.52655,24.9956,460.77,2439.22,575.28,73.24,中和區
秀朗路三段10巷12弄,17,121.52567,24.99719,263.09,2610.23,740.6,85.97,中和區
秀朗路二段24巷16弄24號,14,121.52007,25.00239,201.2,2760.19,917.86,158.14,永和區
程氏古厝,15,121.42902,25.18921,727.24,188.88,2859.11,121.09,淡水區
稚匯公園(華江三路),19,121.47255,25.03562,487.7,3187.92,493.5,104.26,板橋區
穀保家商,33,121.47103,25.0681,231.67,5734.2,1346.69,36.21,三重區
積穗國中,33,121.47808,24.99977,13.04,2206.95,1139.47,12.94,中和區
立功公園,14,121.35858,25.06763,240.84,4296.52,7350.62,270.32,林口區
立德公園,30,121.36762,25.07639,666.28,3166.05,7488.38,52.6,林口區
立德青雲路口,40,121.46102,24.9883,526.37,1680.76,1209.66,111.43,土城區
立泰里(中環路二段),25,121.44213,25.04568,111.04,1996.23,1472.0,55.93,新莊區
立言公園,31,121.36281,25.07324,555.37,3709.13,7512.51,130.88,林口區
竹圍公園,26,121.4634,25.13823,317.21,4182.16,397.54,30.51,淡水區
竹圍國小,28,121.45989,25.14638,463.39,3209.66,906.7,17.89,淡水區
竹林一文化一路口,15,121.38538,25.08565,590.0,1441.57,7316.55,107.74,林口區
竹林山觀音寺,20,121.38983,25.08452,381.62,980.06,6987.88,49.3,林口區
竿蓁市民活動中心,25,121.45069,25.16504,735.47,940.17,578.58,22.34,淡水區
築禾樂社區,15,121.38552,25.08859,874.85,1580.31,7592.96,112.65,林口區
簡仔舍街(河家歡社區),40,121.48652,25.05138,611.97,5398.41,515.09,116.39,三重區
綠湖公園,44,121.54751,24.97756,479.6,1137.78,496.07,101.69,新店區
綠湖公園地下停車場,27,121.54613,24.97956,278.62,1072.79,458.8,154.51,新店區
縣民大道三段270巷口,11,121.47835,25.02323,342.72,2456.87,921.74,42.96,板橋區
縣民富山街口,10,121.47605,25.02201,134.33,2190.93,759.64,44.25,板橋區
縣民板城路口,40,121.45325,25.00392,324.15,672.62,558.61,182.01,板橋區
縣民民族路口,49,121.461,25.01,195.05,195.05,191.39,84.12,板橋區
縣民民生路口,13,121.47072,25.01836,330.87,1518.19,455.7,65.58,板橋區
縣民漢生東路口,71,121.46779,25.01578,325.13,1108.38,297.02,149.61,板橋區
縣民漢生東路口(西北側),36,121.46624,25.01531,395.14,954.5,133.16,179.4,板橋區
縣民觀光街口,12,121.4692,25.01702,255.5,1305.34,413.75,35.97,板橋區
美麗新淡海影城,41,121.43878,25.19783,990.92,1250.49,3356.23,25.02,淡水區
群光公園,15,121.47404,25.05604,864.86,5371.32,936.25,44.57,三重區
義仁市民活動中心,20,121.42767,25.05048,355.31,1253.51,2095.87,103.72,泰山區
義學國小,25,121.43167,25.05176,116.42,1561.39,2124.66,300.8,泰山區
義山新市一路口,25,121.43736,25.18623,710.28,990.36,2159.01,101.48,淡水區
翔譽雙子星,36,121.49292,25.05364,365.09,5959.48,653.96,26.86,三重區
翡翠灣,38,121.68353,25.18676,1214.35,8041.36,14055.94,9.55,萬里區
翡翠灣停車場,54,121.68493,25.19117,1326.99,7851.13,14537.81,110.44,萬里區
聖約翰科技大學,30,121.45166,25.2275,778.3,619.29,6615.6,44.86,淡水區
聖若望平面停車場,15,121.45188,25.01068,334.79,525.61,734.12,200.76,板橋區
聯合醫院板橋院區,52,121.45789,25.02406,278.45,1587.77,930.45,88.41,板橋區
聯邦公園,54,121.48371,25.06445,377.87,6576.54,877.32,162.93,三重區
育德國小,20,121.3925,24.97062,63.87,476.94,2891.38,73.25,樹林區
育英建國路口,12,121.34693,24.95356,118.07,3307.1,7225.67,58.02,鶯歌區
胡璉故居紀念館,10,121.52763,24.96171,1324.79,1779.21,1091.47,1.53,新店區
自強溪尾街口,52,121.49016,25.07822,683.5,7963.47,394.91,27.36,三重區
自強臨時平面停車場,21,121.49515,25.08229,1246.54,8630.89,1053.48,54.81,三重區
自然公園,36,121.48799,25.08984,695.16,8555.68,1293.9,51.13,三重區
致理科技大學,31,121.46271,25.02025,329.36,1231.4,552.08,135.11,板橋區
臺北大學(音律資訊大樓),55,121.36992,24.94278,598.35,708.51,5203.72,190.31,三峽區
臺北大學公共事務大樓(公政大道),23,121.37121,24.94325,542.69,604.12,5063.61,210.22,三峽區
臺北大學公共事務大樓(法商大道),44,121.37212,24.94363,446.66,543.17,4962.92,210.64,三峽區
臺北大學商學院(尋鳶大道),11,121.37249,24.94557,296.93,658.72,4857.53,72.18,三峽區
臺北大學商學院(法商大道),26,121.37146,24.94499,417.13,686.44,4976.23,184.58,三峽區
臺北大學宿舍(學成路),20,121.36856,24.94092,578.82,818.15,5405.86,60.1,三峽區
臺北大學懷德居木師基地,14,121.36743,24.94334,650.51,967.04,5419.72,262.37,三峽區
臺北大學法學院(鳶飛大道),29,121.37333,24.94438,302.46,503.24,4819.85,66.79,三峽區
臺北大學田徑場(體風路),52,121.36433,24.9395,424.36,1256.0,5860.51,110.25,三峽區
臺北大學社科院(公政大道),25,121.3701,24.94441,568.25,762.49,5126.66,325.89,三峽區
臺北大學社科院(圖資大道),37,121.36912,24.94396,588.99,828.8,5236.23,344.22,三峽區
臺北大學蓮池,24,121.37117,24.94723,382.45,885.86,4932.41,160.13,三峽區
臺北大學行政大樓(公政大道),34,121.37037,24.94457,536.54,748.18,5095.22,293.69,三峽區
臺北大學行政大樓(法商大道),23,121.3712,24.94494,443.46,703.26,5002.87,205.36,三峽區
臺北大學隆恩哨(忘憂路),15,121.36547,24.94254,684.63,1142.19,5635.45,77.91,三峽區
臺北大學體育館,22,121.36688,24.93974,634.35,997.67,5612.15,103.87,三峽區
臺北海洋科技大學,34,121.42746,25.1912,535.3,156.81,3130.41,65.59,淡水區
臺北醫院,39,121.45978,25.04358,390.83,3690.86,418.75,60.08,新莊區
臺大醫院金山分院,16,121.62916,25.21974,690.34,1629.4,15344.05,46.42,金山區
臺灣藝術大學,65,121.448,25.0075,11.16,11.16,1058.57,50.14,板橋區
臺鐵樹林車站(後站停車場),64,121.42384,24.99089,333.96,3056.77,2570.31,88.44,樹林區
臺鐵鳳鳴站,40,121.33674,24.97227,518.23,5318.06,8350.28,32.22,鶯歌區
臺鐵鳳鳴站(鶯歌路),20,121.33651,24.97189,470.41,5308.22,8365.97,68.28,鶯歌區
興化公園,55,121.46112,25.06523,928.23,4732.14,429.59,79.35,新莊區
興南路二段231巷口,19,121.5035,24.98229,450.64,492.27,1016.76,18.67,中和區
興南路二段34巷口,32,121.50701,24.98539,155.52,583.03,534.0,19.07,中和區
興德路134號(前),20,121.47102,25.05287,600.88,4951.47,709.29,152.89,三重區
興林路151巷口,25,121.38917325443384,25.073449376722625,128.23,1260.81,5965.08,109.03,林口區
興穀國小,35,121.47421,25.04937,123.36,4669.57,419.95,25.75,三重區
興華公園,45,121.4831,25.06013,519.55,6109.73,483.17,137.89,三重區
芳洲八路,20,121.44631,25.0888,1004.2,4878.64,1839.81,109.38,五股區
茄苳茄福街口,15,121.673,25.06723,541.56,10368.49,5669.32,107.78,汐止區
草里,20,121.60759,25.2807,1911.44,5512.02,19106.13,14.13,石門區
莊園街(金城舞5社區),40,121.44792,24.981311,475.24,1262.73,457.34,16.43,土城區
莊敬公園,50,121.47025,25.02062,354.08,1656.8,273.01,154.57,板橋區
莊敬路25巷口,23,121.47338,25.02734,401.52,2435.37,265.94,205.69,板橋區
莊泰坡雅路口(沐光社區),40,121.43938,25.04633,275.08,1764.25,1507.94,43.72,泰山區
莊泰義東街口(新潤A5社區),40,121.43911,25.05025,497.5,1959.24,1933.8,148.77,泰山區
莊田信華三街口(潤見築社區),40,121.43981,25.04303,465.8,1692.44,1161.37,230.69,泰山區
莒光四村停車場,12,121.44639,24.98716,180.1,1855.26,298.08,128.15,土城區
莒光國小,37,121.47465,25.02565,352.48,2369.1,492.47,198.78,板橋區
莒光德光路口,15,121.47223,25.00429,357.47,1452.19,1134.35,87.11,中和區
莒光華安街口,17,121.46876,24.99467,649.89,1931.31,1668.25,122.22,中和區
莒光路136巷口,15,121.47261,25.00133,26.18,1647.38,1405.14,21.4,中和區
菁桐老街,27,121.72448,25.02398,72.53,6585.89,11221.59,153.87,平溪區
華中公園,15,121.44676,25.0189,698.86,1263.91,1638.97,397.16,板橋區
華南頂埔科技大樓,40,121.41716,24.96046,694.42,2526.43,173.04,190.58,土城區
華城橋（康寧街61巷）,30,121.61988,25.06833,1029.68,7429.77,809.69,200.11,汐止區
華夏科技大學,58,121.50765,24.98067,203.14,54.9,1003.44,160.1,中和區
華夏科技大學(華新街),16,121.50785,24.98247,388.83,252.88,803.93,28.34,中和區
華德公園,58,121.45279,24.99195,608.09,1805.83,701.92,130.76,板橋區
華德公園平面停車場,18,121.45339,24.99292,704.55,1720.59,601.43,34.24,板橋區
華新街109巷11弄,53,121.50873,24.97996,246.76,97.04,1064.48,113.63,中和區
華新街143巷,15,121.50632,24.97942,24.27,172.62,1172.24,6.54,中和區
華江一華江九路口,55,121.46681,25.033,465.97,2708.0,595.57,99.33,板橋區
華江一華江二路口(吾界社區),40,121.47677,25.03596,616.14,3422.83,647.38,81.3,板橋區
華江一華江二路口(江匯Life社區),40,121.47656,25.03588,597.31,3404.25,628.02,81.84,板橋區
華江一華江五路口(雙江翠社區),46,121.47253,25.03485,404.32,3109.76,408.71,21.79,板橋區
華江一華江六路口(仰真社區),38,121.47,25.034,458.2,2919.81,437.73,16.56,板橋區
華江九華江一路口(匯翠社區),40,121.466,25.033,503.15,2685.72,667.3,60.49,板橋區
華江二華江一路口(帝國花園廣場社區),40,121.47523,25.03544,493.24,3294.33,519.06,9.71,板橋區
華江五華江一路口(帝國花園廣場社區),39,121.47336,25.03474,381.54,3136.18,394.12,92.08,板橋區
華江公園,12,121.47099,25.01946,366.24,1618.85,416.2,188.58,板橋區
華江橋自行車牽引道,16,121.48046,25.03562,704.54,3599.78,876.05,19.15,板橋區
華福公園,16,121.46529,24.99728,270.92,1512.42,1264.17,98.37,中和區
華福市民活動中心,36,121.46753,24.99548,564.36,1792.1,1524.89,110.2,中和區
萬板文聖街口,54,121.47973,25.02638,445.48,2788.16,800.3,78.22,板橋區
萬板高架橋下停車場,20,121.48183,25.02729,518.05,3014.06,941.26,105.08,板橋區
萬里區行政中心,13,121.68907,25.17811,107.86,9092.28,13635.23,89.54,萬里區
薇多綠雅社區(活動中心),15,121.35727,24.90955,1191.55,4009.19,8252.84,146.09,三峽區
薇多綠雅社區(警衛亭),19,121.35816,24.90883,1074.04,4036.98,8240.03,26.6,三峽區
藍天大樓,30,121.47017,25.0531,670.09,4937.79,743.29,120.34,三重區
藝文一永翠路口,54,121.45268,25.0224,339.73,1496.45,1338.97,182.25,板橋區
藝文二永翠路口(青峰社區),39,121.45221,25.02142,261.05,1413.12,1307.4,141.71,板橋區
藝文藝文二街口(大悅社區),38,121.45157,25.021765,330.56,1474.8,1382.09,133.25,板橋區
蘆洲三民公園,33,121.46013,25.09431,696.3,6367.99,496.75,100.02,蘆洲區
蘆洲中原公園,45,121.46389,25.08332,403.78,6321.97,894.33,96.6,蘆洲區
蘆洲中山立體停車場,15,121.47325,25.08355,159.25,6985.69,234.0,148.16,蘆洲區
蘆洲中路公園,49,121.46822,25.0818,477.95,6489.58,626.2,79.19,蘆洲區
蘆洲仁愛國小(水湳街),16,121.46947,25.09209,388.19,7238.86,462.93,90.66,蘆洲區
蘆洲兒五公園,19,121.48056,25.08858,323.21,7904.53,778.29,113.72,蘆洲區
蘆洲兒四公園,17,121.47625,25.08871,463.49,7604.29,436.81,143.17,蘆洲區
蘆洲國民運動中心,55,121.46161,25.09195,395.8,6457.69,267.25,106.57,蘆洲區
蘆洲延平派出所,38,121.46162,25.08162,230.23,6030.25,1123.94,56.16,蘆洲區
蘆洲李宅古蹟,30,121.46655,25.08496,222.53,6634.76,626.07,214.82,蘆洲區
蘆洲環河公園,16,121.46046,25.09516,770.44,6423.05,529.54,167.27,蘆洲區
蘆洲重陽大樓,28,121.48189,25.08506,135.17,7743.38,541.96,146.54,蘆洲區
蘆洲鷺江停車場,12,121.47693,25.08619,354.48,7456.34,346.09,132.89,蘆洲區
蘭庭序大廈,30,121.65207,25.07207,746.29,9333.91,3836.81,99.97,汐止區
行政院新莊聯合辦公大樓,51,121.44443,25.05595,110.06,2772.31,1666.88,69.65,新莊區
衛教公園,14,121.4407,25.17254,105.65,535.0,677.79,22.75,淡水區
裕民路55巷,17,121.44948,24.9886,357.64,1836.75,257.03,115.26,土城區
裕民路口(清水路),34,121.45616,24.98157,597.25,891.09,845.45,19.97,土城區
裕生停車場,15,121.44687,24.9846,160.42,1600.8,196.04,211.25,土城區
裕華街,15,121.44643,24.9905,521.98,1905.7,545.24,167.02,土城區
西安市民活動中心,27,121.47188,25.01712,478.63,1531.3,294.2,45.36,板橋區
西林簡易籃球場,16,121.38133,25.07511,225.8,1858.9,6583.36,72.64,林口區
西盛公園,24,121.42805,25.01711,532.73,1424.85,1404.57,22.93,新莊區
西盛廣場,39,121.43149,25.00089,530.5,1817.04,2126.37,44.78,新莊區
西盛館,20,121.43271,25.01191,1244.82,1608.22,2130.18,115.05,新莊區
覺明寺(豐年街53巷),11,121.44721,25.03172,409.72,2362.79,715.56,217.23,新莊區
訊塘廣場(義民中華路口),21,121.39564,25.14256,201.63,5417.59,5745.51,105.22,八里區
訊塘社區公園,13,121.39609,25.1455,216.52,5171.78,5553.69,44.91,八里區
訊庄埔公園,15,121.39222,25.14244,514.93,5688.7,6055.07,57.31,八里區
谷王公園,18,121.47718,25.05283,593.21,5133.25,677.57,132.31,三重區
豐年國小,28,121.44324,25.0307,70.13,1953.89,713.31,26.0,新莊區
豐年陸橋,18,121.44754,25.02967,477.62,2381.7,864.49,336.34,新莊區
貢寮區公所,20,121.90614,25.02088,1241.13,22517.25,29247.35,21.38,貢寮區
貴和市民活動中心,20,121.422,25.035,655.73,562.23,669.01,20.85,泰山區
貴子路36巷3弄口,12,121.42591,25.04137,599.97,303.61,1329.82,78.9,泰山區
貿商國宅,23,121.43068,25.06939,400.08,3360.63,3056.91,22.51,五股區
足夢運動公園,15,121.39643,25.07562,408.39,622.38,5803.52,27.86,林口區
輔仁大學附設醫院,41,121.431,25.03927,441.48,771.97,825.36,33.13,新莊區
輕軌台北小城站(北側),14,121.49833,24.95351,441.59,1301.92,3776.66,145.84,新店區
輕軌台北小城站(南側),15,121.49816,24.95312,404.06,1295.78,3814.56,148.63,新店區
輕軌安康站,21,121.51717,24.96525,1213.36,1911.41,1475.32,16.43,新店區
輕軌崁頂站,16,121.43502,25.20125,846.59,1300.43,3816.3,95.17,淡水區
輕軌崁頂站(西側),22,121.43419,25.20153,815.48,1291.99,3869.97,15.24,淡水區
輕軌新和國小站,23,121.5183,24.98338,419.74,1115.65,955.2,56.79,新店區
輕軌新市一路站,25,121.44837,25.18345,536.71,1160.04,1712.87,34.29,淡水區
輕軌景文科大站,27,121.50964,24.95474,790.72,790.72,2787.36,43.03,新店區
輕軌沙崙站,36,121.41696,25.18741,948.93,1270.93,3575.04,191.2,淡水區
輕軌淡水行政中心站,48,121.44435,25.18916,110.49,1558.24,2326.2,66.87,淡水區
輕軌淡江大學站,40,121.45613,25.17653,609.84,936.87,1410.08,48.74,淡水區
輕軌淡海新市鎮站,25,121.43286,25.19623,371.74,708.66,3359.61,37.81,淡水區
輕軌淡金北新站,45,121.45245,25.1808,89.86,988.74,1559.27,109.95,淡水區
輕軌淡金鄧公站,24,121.45936,25.16874,1009.09,1270.92,1369.95,84.14,淡水區
輕軌漁人碼頭站,45,121.41911,25.18209,513.2,1395.98,3068.66,51.74,淡水區
輕軌濱海沙崙站,35,121.43106,25.19039,624.38,216.62,2857.28,45.81,淡水區
輕軌濱海義山站(西南側),30,121.43734,25.18961,695.69,853.02,2511.45,10.68,淡水區
輕軌玫瑰中國城站,30,121.49418,24.95101,539.68,1589.32,4278.92,112.28,新店區
輕軌竿蓁林站,10,121.45607,25.16206,201.33,1485.48,872.06,35.05,淡水區
輕軌紅樹林站,48,121.458868,25.155053,506.48,2296.08,52.49,76.95,淡水區
輕軌耕莘安康院區站,29,121.50368,24.95453,699.43,965.7,3266.98,32.96,新店區
輕軌陽光運動公園站,20,121.51928,24.97193,616.4,1477.53,1070.18,97.68,新店區
輕軌雙城站,21,121.48985,24.94679,1005.57,1983.02,4902.39,46.55,新店區
連城路469巷21弄,12,121.48432,24.99508,628.66,2888.04,1236.69,96.17,中和區
連興龍安路口,70,121.65443,25.06299,257.28,8706.94,3740.59,77.96,汐止區
進安公園,33,121.49377,25.08603,1146.58,8751.76,1245.07,77.75,三重區
遠東世紀廣場C棟,26,121.48645,24.99853,217.99,2964.37,797.09,141.5,中和區
遠東動力企業總部,26,121.42999,25.03113,644.02,644.02,548.72,47.2,新莊區
遠東動力企業總部(福營路),30,121.43045,25.03033,668.33,668.33,534.07,126.24,新莊區
遠雄左岸,50,121.48808,25.00983,538.06,2920.45,425.45,25.69,中和區
鄧公路30巷,15,121.45241,25.16979,441.94,599.25,703.32,107.87,淡水區
醒吾科技大學(粉寮路),26,121.39804,25.08048,237.14,74.87,6225.54,8.14,林口區
重慶國小,41,121.46253,24.99373,55.54,1805.89,1129.19,137.9,板橋區
重慶國小(和平路101巷),21,121.46216,24.99537,240.47,1619.77,1014.12,54.42,板橋區
重慶路89巷,13,121.46206,25.00633,447.53,476.44,384.49,39.2,板橋區
重新橋第1市民活動中心,15,121.48563,25.05355,404.72,5563.42,258.63,235.53,三重區
重新路五段(心天匯社區),40,121.46815,25.04468,331.38,3998.29,340.92,49.66,三重區
重新重安街口,35,121.48975,25.05844,298.95,6240.55,165.91,106.45,三重區
重陽公園,41,121.484,25.0857,171.41,7951.74,688.99,152.47,蘆洲區
重陽國小,61,121.48488,25.0662,412.36,6801.3,928.04,78.83,三重區
重陽橋市民活動中心,15,121.49602,25.08634,1373.13,8956.2,1415.84,49.97,三重區
野柳地質公園,60,121.69042,25.20428,482.05,7586.12,16054.06,45.83,萬里區
金城?廷街口,9,121.46864,24.98814,285.53,1990.16,1967.71,32.45,土城區
金城峯廷街口,9,121.46864,24.98814,285.53,1990.16,1967.71,32.45,土城區
金城忠義路口,40,121.44024,24.9691,392.16,1773.72,376.44,30.7,土城區
金城明德路口(東北側),18,121.45311,24.98078,576.39,894.52,662.43,133.89,土城區
金城立德路口,47,121.46602,24.98689,266.77,1728.36,1694.26,13.3,土城區
金城立體停車場,60,121.45795,24.98367,504.79,1122.44,927.0,151.5,土城區
金城裕民路口(中正國中),54,121.45619,24.98288,464.27,1035.73,786.49,43.48,土城區
金城裕民路口(金城舞社區),40,121.45466,24.98156,565.13,918.8,718.63,9.84,土城區
金城路三段156號前,15,121.46708,24.98728,246.08,1822.18,1803.12,123.43,土城區
金城路三段52巷,16,121.46609,24.98635,212.84,1681.11,1700.06,69.68,土城區
金城路二段61巷口(聯邦銀行),40,121.45077,24.97886,258.79,866.8,744.74,48.44,土城區
金城龍山二街口,20,121.45096,24.97881,268.35,848.96,755.23,56.49,土城區
金山八德街,24,121.63469,25.22365,238.98,1640.83,15876.84,72.22,金山區
金山立體停車場(中興路),15,121.64169,25.22043,363.94,2419.74,15689.29,63.4,金山區
金美國小,20,121.63633,25.21973,228.12,2055.56,15486.06,249.81,金山區
金龍公園,42,121.63153,25.06947,225.29,7996.52,1850.25,118.23,汐止區
金龍國小,29,121.62867,25.0691,209.91,7835.62,1593.97,13.41,汐止區
錦和運動公園,64,121.49073,24.99213,696.43,2173.0,1262.45,31.95,中和區
錦和高中,28,121.49076,24.99351,564.9,2267.67,1126.84,85.24,中和區
鎮前街347巷口,16,121.41638,24.98419,264.8,2365.0,2685.89,50.2,樹林區
長壽親子公園,26,121.42203,24.9917,147.4,3152.27,2769.27,138.36,樹林區
長安橋(吉祥街12巷),43,121.66846,25.08033,218.86,11087.14,5710.78,145.94,汐止區
長安街251巷,16,121.47236,25.01063,189.72,1340.56,429.63,171.4,板橋區
長榮路211巷口,17,121.46108,25.08478,276.58,6271.42,815.64,51.01,蘆洲區
長榮龍濱路口,19,121.50238,25.06908,362.71,7915.33,597.79,92.43,三重區
長泰街40巷口,17,121.37811,24.93234,607.1,975.97,5021.86,48.48,三峽區
長興光華路186巷口,13,121.46429,25.08285,466.2,6308.41,905.31,86.15,蘆洲區
長興橋,15,121.67187,25.08055,309.03,11333.31,6037.19,29.36,汐止區
長興街二段62號,13,121.67449,25.08192,609.91,11623.75,6339.11,179.73,汐止區
長青公園,11,121.45662,25.04246,334.76,3361.85,471.47,184.92,新莊區
長風社區,30,121.43937,24.97811,333.85,1858.03,725.46,54.05,土城區
開元市民活動中心,36,121.50356,25.06607,610.38,7706.74,477.71,116.99,三重區
陸光國宅,20,121.43232,25.08832,768.57,3489.39,3240.83,12.48,五股區
陽光Park社區,21,121.51555,24.9794,159.05,785.83,1263.51,250.02,新店區
陽光橋,76,121.52477,24.97924,778.02,1244.42,651.99,90.21,新店區
集成成功路口,35,121.48821,25.05154,594.1,5502.54,590.57,52.86,三重區
集美街58巷口(東北側),16,121.48833,25.055,225.01,5837.74,359.92,76.12,三重區
集賢三信路口(南側),17,121.49187,25.08861,992.28,8771.55,1401.94,62.45,三重區
雍和科學園區,33,121.62602,25.05808,583.33,6615.54,837.98,22.71,汐止區
雙十萬板路口,26,121.47718,25.02538,499.68,2524.03,662.98,68.92,板橋區
雙和公園,11,121.50883,25.00229,303.95,2458.9,215.06,196.46,永和區
雙和橋,39,121.50574,25.00573,269.28,2846.83,645.06,130.19,永和區
雙和醫院,37,121.49411,24.99367,439.57,2036.99,979.63,12.91,中和區
雙和醫院(圓通路252巷口),36,121.49373,24.99092,746.02,1853.05,1135.35,30.23,中和區
雙城公園(安康路),13,121.49035,24.95176,934.1,1984.24,4567.24,80.76,新店區
雙城國小,15,121.48628,24.95186,1337.17,2387.49,4795.76,6.65,新店區
雙溪車站,55,121.8665,25.03914,642.64,19311.08,25071.79,77.98,雙溪區
雙鳳公園,11,121.41398,25.02644,165.04,1051.25,456.55,166.39,新莊區
雲溪廣場(青雲路183巷),15,121.45961,24.9827,605.67,1042.12,1120.89,50.12,土城區
青山國民中小學,56,121.65559,25.06103,50.82,8627.27,3812.44,25.65,汐止區
青山廣場,42,121.45987,24.97793,918.04,555.18,1380.79,82.8,土城區
青潭國小,27,121.55181,24.9531,377.77,2940.85,1528.33,15.33,新店區
青潭河濱公園,20,121.5474,24.95091,872.51,2957.18,1254.55,70.43,新店區
青隆青福街口,20,121.45665,24.97974,805.72,683.97,1000.74,198.95,土城區
青雲路411巷口(樂晴市樂郡區社區),39,121.45911,24.97582,1027.63,317.72,1414.95,155.01,土城區
青雲路434巷口,18,121.45915,24.97193,1174.66,276.56,1413.48,58.2,土城區
青雲路451巷口(紐約艾美社區),41,121.45873,24.97475,1014.44,206.32,1362.02,30.08,土城區
音樂公園,57,121.48039,25.02856,321.33,3002.37,751.76,40.83,板橋區
頂埔國小,40,121.4144,24.95636,161.66,2604.63,491.87,18.98,土城區
頂埔市場,29,121.41504,24.95816,365.27,2513.4,345.71,185.03,土城區
頂崁公園,24,121.4756,25.05493,755.89,5300.14,777.39,129.1,三重區
頂崁街210巷28弄口,15,121.47586,25.06803,466.73,6143.35,1423.49,158.18,三重區
頂新公園,21,121.41425,24.95397,166.91,2791.12,691.21,221.65,土城區
頂新祖田市民活動中心,43,121.41211,24.95319,261.43,2726.74,898.06,16.16,土城區
頂溪國小,44,121.51126,25.01581,7.43,3975.37,457.27,3.45,永和區
頂溪國小地下停車場,13,121.51057,25.01452,165.38,3826.8,492.45,137.62,永和區
頂罟公園,15,121.40413,25.1533,794.94,4000.28,4463.87,44.03,八里區
順德街(御中央3社區),36,121.53,24.9789,500.85,746.56,634.72,127.09,新店區
頭前國中,51,121.45916,25.05444,411.47,3951.33,489.87,60.76,新莊區
頭前國小,46,121.46506,25.05257,590.79,4429.83,564.7,116.92,新莊區
頭前國小(化成路),12,121.46624,25.0535,492.11,4575.8,719.44,22.51,新莊區
頭前運動公園,60,121.46211,25.05165,670.53,4115.56,260.5,103.75,新莊區
頭前運動公園(頭前路),22,121.46362,25.05237,639.32,4285.3,429.8,83.54,新莊區
頭湖國小,27,121.37268,25.08167,177.11,2619.19,7701.05,9.27,林口區
飛駝二村,11,121.51138,24.9836,426.7,522.7,674.16,7.16,中和區
飛駝社區(興南路),40,121.50483,24.98347,461.77,471.51,834.26,33.08,中和區
香社一藝文街口(歡喜市社區),40,121.451,25.0208,306.23,1405.86,1370.59,19.23,板橋區
馥華公園,53,121.44564,25.00607,286.34,286.34,1057.86,28.78,板橋區
馬偕醫學大學(圓環),20,121.49571,25.25438,695.54,705.96,10826.0,156.42,三芝區
馬偕醫學大學(第二教研大樓),26,121.49559,25.25303,801.32,698.35,10687.77,169.8,三芝區
鳳一鳳吉一街口,20,121.3317,24.97677,944.68,6029.76,8946.01,121.29,鶯歌區
鳳七鶯歌路口,11,121.33193,24.96916,198.3,5489.81,8778.66,123.17,鶯歌區
鳳三龍七路口,18,121.33467,24.97204,406.64,5461.55,8551.64,163.85,鶯歌區
鳳五路122號前,18,121.32991,24.97316,648.5,5915.84,9045.52,197.06,鶯歌區
鳳吉四鳳七路口(捷士匯社區),40,121.32769,24.97383,852.58,6139.66,9278.76,93.08,鶯歌區
鳳祥公園,20,121.33025,24.96283,689.97,5271.28,8888.42,337.89,鶯歌區
鳳福公園,20,121.32938,24.97572,917.64,6133.43,9150.51,41.27,鶯歌區
鳳福鳳三路口,22,121.33143,24.97567,832.98,5970.61,8946.97,20.6,鶯歌區
鳳鳴國小,20,121.3347,24.9692,124.96,5265.41,8502.24,32.98,鶯歌區
鳳鳴機器人公園,17,121.33465,24.96618,271.38,5077.0,8470.55,73.29,鶯歌區
鴨母港停車場,14,121.45584,25.08283,382.87,5761.74,1301.81,110.34,蘆洲區
鴨母港抽水站,30,121.45673,25.08294,294.49,5847.57,1232.57,32.49,蘆洲區
鶯歌國中,30,121.34256,24.95119,322.97,3620.53,7689.95,33.65,鶯歌區
鶯歌國民運動中心,38,121.35733,24.95139,1016.67,2265.64,6209.52,265.45,鶯歌區
鶯歌永利街,15,121.33911,24.95495,147.43,4091.68,8001.46,69.02,鶯歌區
鶯歌火車站(仁愛路),59,121.35441,24.95559,488.51,2768.22,6457.47,16.58,鶯歌區
鶯歌火車站(仁愛路62號),42,121.35407,24.95505,545.12,2761.74,6495.43,73.17,鶯歌區
鶯歌火車站(文化路),25,121.35697,24.95536,603.25,2547.32,6201.43,138.48,鶯歌區
鶯歌老街第二停車場,20,121.34227,24.94895,91.31,3578.98,7750.86,242.96,鶯歌區
鶯歌陶瓷博物館,22,121.35245,24.95012,668.99,2643.6,6716.51,18.27,鶯歌區
鶯歌陶瓷老街,33,121.351,24.95219,494.53,2871.02,6831.97,99.35,鶯歌區
鷺江國中(長興路298巷),15,121.46106,25.09005,258.35,6365.98,380.75,138.9,蘆洲區
鷺江廣場,32,121.47769,25.08562,409.23,7468.64,417.13,83.99,蘆洲區
鹿角溪公園,13,121.39591,24.97151,307.25,184.09,2635.53,214.94,樹林區
麗林公有市場,28,121.36776,25.06912,661.79,3374.8,6840.91,147.19,林口區
麗水富貴路口(聯合公園社區),50,121.45162,25.05697,383.25,3420.71,967.23,209.22,新莊區
黃城公園,38,121.44824,25.05238,296.25,2864.02,1225.26,42.62,新莊區
黃城公園(中榮街),11,121.44883,25.05277,282.61,2937.03,1177.22,96.63,新莊區
黃石中繼市場,20,121.45699,25.0125,156.84,314.28,421.4,80.23,板橋區
龍三鳳鳴路口,18,121.33137,24.97286,542.88,5778.74,8894.83,54.44,鶯歌區
龍五鳳七路口,30,121.33101,24.97043,351.04,5646.84,8889.15,224.35,鶯歌區
龍埔三樹路98巷口,42,121.38393,24.93989,742.32,742.32,4066.66,106.55,三峽區
龍埔介壽路口,30,121.39008,24.93513,1239.35,1502.02,3891.23,91.62,三峽區
龍埔公園,28,121.3742,24.93841,54.75,382.67,5003.45,162.76,三峽區
龍埔國小,35,121.37676,24.94104,8.97,8.97,4642.47,73.74,三峽區
龍埔自行車道(民生街1巷),20,121.37824,24.93455,644.29,736.56,4870.2,228.37,三峽區
龍安成德街口,12,121.42267,25.0191,76.34,1147.69,1072.16,50.41,新莊區
龍安福營路口,15,121.41931,25.02022,284.4,1116.81,727.04,81.76,新莊區
龍形停車場,40,121.4513,25.13041,437.33,4754.11,1084.22,5.91,八里區
龍恩公園,26,121.37052,24.94135,441.09,621.54,5204.69,47.43,三峽區
龍濱公園,14,121.50218,25.07298,517.29,8270.08,609.72,5.67,三重區
龍米河濱公園,20,121.44684,25.14455,1204.29,3168.72,1525.27,15.44,八里區
龍米路二段205巷口,22,121.43231,25.1585,1333.22,1849.57,1675.07,41.65,八里區
龍門公園,48,121.49848,25.07482,595.44,8259.53,497.48,165.25,三重區
龍門運動公園,20,121.93129,25.02706,1384.65,25141.43,31689.3,20.07,貢寮區
龍門龍濱路口,30,121.50098,25.07348,496.47,8255.01,533.81,101.75,三重區
龍鳳公園,52,121.416898,25.021434,459.74,1129.2,453.69,62.87,新莊區
龍鳳夜市,30,121.33331,24.97329,536.7,5655.65,8710.54,148.14,鶯歌區
龜吼停車場,11,121.68602,25.1956,831.64,7662.64,15005.85,37.62,萬里區
龜山活動中心,8,121.55224,24.90303,200.25,6570.52,6271.3,28.95,新店區
